,gene_index,gene_names,probability_change
0,0,EGFR,9.220988882081071
1,1,MMP1,9.381947416149568
2,2,LRRC25,9.217910717903278
3,3,CARD16,9.302567264115428
4,4,CLCN7,9.44335873578359
5,5,KRT19,9.632262312163263
6,6,ZNF548,9.391359533186694
7,7,MAGEA6,9.496577026421662
8,8,SPARC,9.811882507384524
9,9,TIMP1,9.544018633006736
10,10,LUM,9.78430814466087
11,11,CXCL1,9.419996397699077
12,12,PLAC8,9.652181143991655
13,13,MAGEA3,9.708440266247665
14,14,AGR2,9.502962182901076
15,15,MAL2,9.697525516090982
16,16,KRT81,9.624865552967623
17,17,COL3A1,9.531146156814785
18,18,GJA1,9.673910365605272
19,19,MGP,9.435833843503566
20,20,EPCAM,9.26129250072523
21,21,COL6A3,9.452929876361194
22,22,RPS4Y1,9.661006188973255
23,23,NEFL,9.540208925335524
24,24,HNF1B,9.24499203716469
25,25,HLA-DPA1,9.569813215333355
26,26,PTX3,9.64563897872867
27,27,IGFBP7,9.650847314165324
28,28,CCL20,9.856001126022239
29,29,SPARCL1,9.63123957743309
30,30,SERPINA1,9.407582866054224
31,31,S100P,9.61116018543729
32,32,ALDH1A1,9.283187207947018
33,33,HLA-DRA,9.668303090719204
34,34,TSPAN8,9.46460270752365
35,35,CGA,9.72525474497782
36,36,COL1A2,9.546771054949984
37,37,MAGEA12,9.883503607182545
38,38,EFEMP1,9.723648821679701
39,39,SLC40A1,9.45497113206778
40,40,SULF2,9.587485584489306
41,41,COL1A1,9.453127486744588
42,42,NNMT,9.498578697049885
43,43,TOX3,9.481999982476543
44,44,FABP1,9.509567094943824
45,45,CD24,9.882660264128907
46,46,S100A8,9.610441143668673
47,47,DKK1,9.527107837997383
48,48,TFF1,9.670605324512401
49,49,CA2,9.300638803432236
50,50,ANXA3,9.761662567102068
51,51,CTHRC1,9.756933967958405
52,52,C15orf48,9.35982148609294
53,53,AKR1C3,9.350607133262761
54,54,ID4,9.752712201126867
55,55,IFI16,9.762463770547178
56,56,GNG11,9.668822299853288
57,57,RAB25,9.65707257698853
58,58,C19orf33,9.395283227941933
59,59,NEFM,9.455390835149235
60,60,CEACAM6,9.445950345082942
61,61,CHI3L1,9.42591750755084
62,62,KRT17,9.69091196343753
63,63,SERPINA3,9.494253080728422
64,64,SNCA,9.497627551118631
65,65,CTGF,9.499201312208491
66,66,SPINT2,9.39892037601994
67,67,BASP1,9.854116906117156
68,68,RNF128,9.558936526541633
69,69,GATA3,9.522806324911922
70,70,CDH2,9.544403121887383
71,71,RAB34,9.63070313173922
72,72,MSN,9.628607062089747
73,73,C3orf14,9.771126868516088
74,74,CCL2,9.579217563608147
75,75,CRIP1,9.566368124397338
76,76,C3,9.550179126847537
77,77,GALNT3,9.584261613160184
78,78,GREM1,9.532318547714144
79,79,AREG,9.514741084269803
80,80,CAV1,9.533250075240868
81,81,S100A6,9.40877285934217
82,82,IFI27,9.593201233310056
83,83,IGFBP3,9.492635720840155
84,84,TFPI2,9.582109384358239
85,85,ANXA1,9.541245919601925
86,86,TNC,9.596814685680522
87,87,TGFBI,9.682715233285839
88,88,EPB41L3,9.741447851477927
89,89,CLDN3,9.608208627285293
90,90,LDHB,9.53372448522626
91,91,COL4A1,9.535838680775075
92,92,PROM1,9.7776360569198
93,93,HSPA1A,9.622473132412216
94,94,EIF1AY,9.486977687012363
95,95,SCNN1A,9.692917318881772
96,96,ZIC1,9.840853679262922
97,97,CSTA,9.722185748856239
98,98,GJB2,9.556350370072943
99,99,CXCL14,9.495602617752366
100,100,ESRP1,9.41483665552791
101,101,ANPEP,10.084469760792468
102,102,S100A2,9.290605245611612
103,103,FSTL1,9.504943971786837
104,104,HLA-DRB1,9.479789997657843
105,105,DCN,9.560023221302327
106,106,ARMCX2,9.49400367184845
107,107,ALDH1A3,9.433834847620119
108,108,NPNT,9.436450656510425
109,109,METTL7A,9.64614109092919
110,110,TPM2,9.638245993811013
111,111,COL15A1,9.411571134934736
112,112,TSTD1,9.56586448471955
113,113,AGR3,9.466352969178612
114,114,KRT14,9.286754432330962
115,115,AZGP1,9.53591737745836
116,116,CDH3,9.54733254352428
117,117,DSP,9.94988468593171
118,118,SNAI2,9.56134213546598
119,119,MYL9,9.692172123835054
120,120,MME,9.83976160977517
121,121,TRIM22,9.823308434739543
122,122,KRT6A,9.599117255723773
123,123,ADAMTS1,9.442117467110737
124,124,HLA-DPB1,9.629997883260414
125,125,KRT18,9.631316256580718
126,126,CLDN7,9.47747013411851
127,127,ID1,9.829506067512947
128,128,GPX3,9.606497917435185
129,129,COL4A2,9.497948600587955
130,130,LXN,9.807704200151589
131,131,IGFBP1,9.704771501750589
132,132,S100A9,9.622896226971442
133,133,RTP1,9.932066795391075
134,134,C11orf96,9.545611111379085
135,135,SLC2A10,9.23603199016227
136,136,TM4SF18,9.800357544095142
137,137,SPINK1,9.66511946994915
138,138,ENPP2,9.814077476618051
139,139,TF,9.549640519640839
140,140,ARMCX1,9.677983901342534
141,141,APOBEC3G,9.486468774245711
142,142,KRT5,9.618959674959054
143,143,KRT23,9.676104176509735
144,144,COL5A2,9.528645080995192
145,145,GREB1,9.479799257509539
146,146,QPCT,9.665675613324836
147,147,COL12A1,9.646311102959638
148,148,MGST1,9.825443521512376
149,149,CXCL3,9.727669596710626
150,150,GPM6B,9.386309895485024
151,151,GPX2,9.394228780746982
152,152,SAT1,9.555318704203987
153,153,TM4SF1,9.520663767114087
154,154,IGFBP2,10.029869130912532
155,155,OLFM1,9.52319686631294
156,156,DMD,9.874427339513224
157,157,THBS2,9.538688691371927
158,158,PLAT,9.41077018239928
159,159,COL11A1,10.220192775696548
160,160,MAFB,9.533952988135832
161,161,S100A4,9.492987026545006
162,162,ITM2A,9.803968597749723
163,163,TMEM30B,9.465131801718133
164,164,IL13RA2,9.588678180515657
165,165,BNC1,9.52202278705887
166,166,DUSP6,9.399150218697809
167,167,CNN3,9.495401537891956
168,168,IL32,9.683344765851711
169,169,HSD17B2,9.756379658754526
170,170,FGG,9.405873953370186
171,171,LONRF2,9.595427245031924
172,172,TNFSF10,9.73580967695042
173,173,LAMA4,9.611902218716958
174,174,CNRIP1,9.71293521839591
175,175,FABP5,9.703583016380113
176,176,PLAGL1,9.600512655270293
177,177,SERPING1,9.677699380062583
178,178,TIMP3,9.478700493799838
179,179,IFI44L,9.662660156564773
180,180,LYZ,9.585839438731682
181,181,LGALS1,9.648888073178608
182,182,GPX1,9.607508630059463
183,183,TFAP2C,9.483062528650857
184,184,DKK3,9.905740074963372
185,185,FOS,9.500823159839547
186,186,COL6A2,9.623475110560435
187,187,HMCN1,9.585554685153852
188,188,SERPINF1,9.667837689935647
189,189,AMIGO2,9.536554147012067
190,190,HPGD,9.722564867199155
191,191,CFH,9.782671503064247
192,192,CEACAM5,9.330393819241387
193,193,TMEM200A,9.618825364623518
194,194,BCHE,9.84065223806438
195,195,LY75,9.68643088253615
196,196,FOXQ1,9.302440027652874
197,197,CDKN2A,9.593424381483867
198,198,ESR1,9.71452707545132
199,199,STC2,9.461003579663982
200,200,DDC,9.556398337272743
201,201,PROM2,9.497689155647072
202,202,PEG3,9.699431920392566
203,203,CA12,9.515461578056417
204,204,IL18,9.745180055828547
205,205,PLAU,9.496931451173802
206,206,PKIB,9.337638994193583
207,207,APOC1,9.514654928471476
208,208,WNT5A,9.689088247049913
209,209,BST2,9.586634757128914
210,210,GPRC5A,9.416447651777908
211,211,VCAN,9.47815656730597
212,212,ALB,9.476532634186132
213,213,KRT8,9.526296974405126
214,214,EPHA3,9.569607870076435
215,215,RTN1,9.648193068135674
216,216,TSPYL5,9.62807033171601
217,217,DNER,10.190168612082902
218,218,LCN2,9.304773386905904
219,219,FLI1,9.82297010118001
220,220,OLFM4,9.854703641491842
221,221,DUSP4,9.697465248185681
222,222,RBP4,9.55920687132141
223,223,AMBP,9.628628959114325
224,224,LY6K,9.768454745586308
225,225,S100A14,9.495181684339553
226,226,TUBB2B,9.576442279719753
227,227,EHF,9.539844524744757
228,228,CYBA,9.585860076005478
229,229,PLA2G4A,9.463895427923939
230,230,SPOCK1,9.666244849903753
231,231,PXDN,9.452547485355005
232,232,MXRA5,9.568335573817215
233,233,APOE,9.51712733942072
234,234,G0S2,9.416917003464802
235,235,TWIST1,9.602888231536694
236,236,TAGLN,9.599347301349393
237,237,RARRES2,9.226649452302961
238,238,HMGCS2,9.599785804889763
239,239,BCL2L11,9.418810560754308
240,240,SRPX,9.689411643710242
241,241,CCL5,9.52960800077071
242,242,RBM24,9.912607144944332
243,243,LY96,9.818764917929677
244,244,TCF4,9.667638013435113
245,245,DLX2,10.065188058269337
246,246,NMU,9.493567204698317
247,247,IGFBP4,9.581023169550365
248,248,TMEM98,9.470433458490199
249,249,SLC6A15,9.639723863301613
250,250,ZEB2,9.599657472353309
251,251,MET,9.345931782382724
252,252,APOA2,9.659778384402207
253,253,SERPINB2,9.864711412747182
254,254,FOXG1,9.576164902059903
255,255,BEX4,9.626626926528223
256,256,MPPED2,9.585281161563149
257,257,WT1,9.582405967585702
258,258,SELENBP1,9.669150843823877
259,259,SLPI,9.626419974229762
260,260,SPINT1,9.566332476356134
261,261,PSMB8,9.731367947554968
262,262,BIRC3,9.676249016929052
263,263,DPP4,9.890104771217572
264,264,MAGEA1,9.721445373192688
265,265,ANK3,9.541040367203232
266,266,CPE,9.578994846328998
267,267,PDE4B,9.610630319397039
268,268,SOX9,9.424960275369944
269,269,CDC42EP5,9.662516076340069
270,270,CD36,9.627966256538489
271,271,GPR87,9.755195285678958
272,272,IQGAP2,9.732113064972507
273,273,BMP2,9.995504912355914
274,274,MALL,9.450890727528986
275,275,TNNT1,9.415029813294069
276,276,MT1E,9.91289837395796
277,277,RUNX1,9.595941940900339
278,278,NPY1R,9.582871492602898
279,279,ZIC2,9.522280012310961
280,280,LDB2,9.558665654766067
281,281,GLIS3,9.518548064608586
282,282,RGS4,9.69367498847976
283,283,MT1M,9.212985408580053
284,284,LAMB3,9.394175426867985
285,285,SHISA2,9.479656025753403
286,286,NR2F1,9.53927121233234
287,287,FABP4,9.549118833151002
288,288,CD14,9.79874632809648
289,289,BMP4,9.600416955077993
290,290,FAM84A,9.667873489829034
291,291,CAV2,9.485908185260065
292,292,TSPAN1,9.415428870369658
293,293,AKR1B1,9.556952880218631
294,294,DLC1,9.610965093927238
295,295,IFIT1,9.518099129346327
296,296,APOH,9.50710983462533
297,297,ARL14,9.578361339266019
298,298,CFI,9.683228123019195
299,299,NTN4,9.55724809536491
300,300,PDGFC,9.705920600276182
301,301,EEF1A2,9.402455469584037
302,302,DHRS2,9.441048972470652
303,303,GIMAP6,9.622385874604678
304,304,C1orf116,9.409722944199768
305,305,EBF1,9.14175105910056
306,306,POPDC3,9.724177722917279
307,307,GBP3,9.629905942584703
308,308,PLBD1,9.625861824030324
309,309,TMEM176B,9.538145371070767
310,310,VCAM1,9.564950178471904
311,311,CPVL,9.614962061089393
312,312,COL5A1,9.51420806990513
313,313,GSPT2,9.653809387813203
314,314,MS4A7,9.589868596513115
315,315,IFITM1,9.587661254610316
316,316,SLC6A14,9.623825244955768
317,317,SERPINE2,9.419219254545478
318,318,BEX1,9.855662294017659
319,319,BICC1,9.580938335598523
320,320,RERG,9.537005096269064
321,321,BHLHE41,9.47545191971032
322,322,GSTA1,9.625502235259264
323,323,TC2N,9.625280740067144
324,324,NRCAM,9.608462893086834
325,325,TLE4,9.623246694074984
326,326,AUTS2,9.668943208488587
327,327,PLIN2,9.595768502226582
328,328,TMSB15A,9.514817888805972
329,329,KRT15,9.670927699951518
330,330,KCTD12,9.782237301967893
331,331,AKR1B10,9.594982954529161
332,332,ASS1,9.620655760686578
333,333,RAB38,9.56560972026244
334,334,PCK1,9.583183119612155
335,335,FOXA1,9.442979823117263
336,336,IL1R1,9.61172849940668
337,337,LGALS4,9.613991431597817
338,338,TMEM158,9.534527806169232
339,339,SGK1,9.749303302009032
340,340,BLNK,9.594045188290005
341,341,CDA,9.560955498149895
342,342,TXNIP,9.554345589289404
343,343,LPAR1,9.700114124572353
344,344,F3,9.613806385152769
345,345,KRT20,9.500712253776003
346,346,NAP1L3,9.536851805150004
347,347,CLIC5,9.57057956814808
348,348,LOX,9.6507240803599
349,349,SATB1,9.64839620925337
350,350,SLC2A3,9.636101049037402
351,351,KLK10,9.617709016286124
352,352,GIMAP2,9.425736435346169
353,353,APOB,9.502673403810771
354,354,GPNMB,9.644843195202137
355,355,CP,9.59695219993974
356,356,FGFR2,9.522268789116414
357,357,IRX3,9.43088271719358
358,358,SLC16A3,9.720780893078944
359,359,ID2,9.630964288066151
360,360,SFN,9.454659249449936
361,361,TFF3,9.561946143092506
362,362,CD44,9.565211528520377
363,363,TFAP2A,9.44260690793009
364,364,ASPN,9.577034513216596
365,365,NID2,9.60650768330738
366,366,CPM,9.055921191038328
367,367,GRHL2,9.371611297783616
368,368,DCBLD2,9.323227932908198
369,369,TMEM150C,9.65098992430676
370,370,SLC22A3,9.612195730209287
371,371,FAM84B,9.511372899637815
372,372,ST6GALNAC1,9.454947792233943
373,373,CLU,9.498000418672142
374,374,SMOC2,9.698962046391049
375,375,ME1,9.768982682637631
376,376,DSEL,9.734236493126343
377,377,LPL,9.585901021773786
378,378,C1QC,9.506260757947771
379,379,TOP2A,9.503737065291894
380,380,VAMP8,9.549822230254351
381,381,MAOA,9.74145673034808
382,382,CTSS,9.563025565274724
383,383,CXCR4,9.395732993377834
384,384,CFB,9.571152247561574
385,385,CD109,9.744150569245937
386,386,ANXA10,9.597955414908053
387,387,HS3ST3A1,9.55553802649521
388,388,LIN28B,9.637375682116918
389,389,DNAJC12,9.524195129648218
390,390,CDH17,9.549642183121012
391,391,SLC26A3,9.486381464276311
392,392,UBE2QL1,9.619664959936806
393,393,PLA2G2A,9.221803331506157
394,394,RGS1,9.54555142169628
395,395,PMP22,9.496909242917155
396,396,LOXL1,9.536463680019493
397,397,RASGRP1,9.594275590434783
398,398,PYCARD,9.66759324499652
399,399,CDS1,9.62763140845809
400,400,PAH,9.499299457962426
401,401,GSTP1,9.50050956688168
402,402,ENPP5,9.606007368890852
403,403,PRAME,9.900135093251453
404,404,TMEM176A,9.561460788487224
405,405,KCNJ2,9.658481487131997
406,406,APCDD1,9.641383103484397
407,407,HGD,9.567141922010425
408,408,GSTM3,9.61667951359718
409,409,KLF5,9.555045956349923
410,410,SCG5,9.419588535732657
411,411,NDN,9.737904403854023
412,412,RBM47,9.627543603759577
413,413,CLIC3,9.51648542011884
414,414,ELOVL2,9.544087806778327
415,415,SDR16C5,9.451361969840166
416,416,GIMAP4,9.386270066727304
417,417,PRTFDC1,9.538834031299524
418,418,FAM110C,9.59672068305008
419,419,RBP1,9.286661412915329
420,420,C1S,9.606647262262612
421,421,TFPI,9.602141602334395
422,422,DEPDC7,9.673372187495886
423,423,PRSS3,10.044978017455495
424,424,L1CAM,9.391271549716922
425,425,ID3,9.96421647226959
426,426,GHR,9.625357088477795
427,427,SLC16A4,9.627523273198364
428,428,LAMC2,9.48532217421738
429,429,PHLDA1,9.548343841946458
430,430,SCG2,9.721922738448466
431,431,CYR61,9.44376648490878
432,432,CDH1,9.723814873067212
433,433,RGS2,9.703880894130991
434,434,NRN1,9.877125441585576
435,435,COL14A1,9.532638599785413
436,436,GALC,9.58547203751872
437,437,NLRP2,9.58460899617906
438,438,FOLH1,9.701698875767619
439,439,PTPRZ1,9.465602216523456
440,440,QPRT,9.545935059959993
441,441,PLSCR4,9.546236259666504
442,442,GIMAP7,9.600387185426936
443,443,KRT80,9.454613081249008
444,444,ETS1,9.712517664331074
445,445,CLGN,9.445416200594167
446,446,CMPK2,9.579656003083459
447,447,MEST,9.55081169604902
448,448,EVI2A,8.959724448084547
449,449,COL4A5,9.678762016490941
450,450,PLCB4,9.31331537998048
451,451,TPD52L1,9.483140614786127
452,452,CLRN3,9.572652241188294
453,453,PKP2,9.81341556368584
454,454,THBD,9.604415205012764
455,455,SCGB2A1,9.539497468353929
456,456,EFNB2,9.518811411191383
457,457,TCEAL7,9.780228605986808
458,458,MYOF,9.550529648493814
459,459,CYBRD1,9.08039009840487
460,460,C16orf54,9.643052226322007
461,461,FHL2,9.724085488286155
462,462,SPRR1A,9.500337903195138
463,463,MAMDC2,9.428405929296813
464,464,ISG20,9.483942657067344
465,465,OLFML3,9.580773216879704
466,466,C9orf152,9.651879397790399
467,467,EMP3,9.536526671399907
468,468,SCIN,9.579091975398434
469,469,MLPH,9.604382185101567
470,470,CRISP3,9.662101420132796
471,471,SLCO1B3,9.804122592233298
472,472,RAB31,9.563566306443178
473,473,GPM6A,9.633653149492039
474,474,STEAP1,9.53190002500443
475,475,BCL2A1,9.559320861608168
476,476,HCLS1,9.716702046731857
477,477,AHSG,9.577254869468595
478,478,CES1,9.678415056884756
479,479,INHBE,9.456431334746673
480,480,TGFB1I1,9.584412505464018
481,481,CYP3A5,9.484601965801563
482,482,TMPRSS4,9.455171250398406
483,483,C7,9.704006968080677
484,484,C4BPB,9.591566950590579
485,485,TRIM29,9.658263732621293
486,486,TRIB2,9.415901983567649
487,487,MLLT11,9.467696397448888
488,488,SDC2,9.547269505097846
489,489,FOSB,9.579324972640887
490,490,TBX3,9.868667250069397
491,491,TYROBP,9.773813320588893
492,492,BDNF,9.480158054241667
493,493,ORM1,9.660152295660257
494,494,DNAJC15,9.629177192165226
495,495,GBP1,9.692252958751471
496,496,NEBL,9.388775098120394
497,497,PDLIM4,9.64787019902053
498,498,ROBO1,9.74391047534715
499,499,STEAP2,9.413987241756201
500,500,PRSS23,9.507843647080042
501,501,PCDH18,9.281566020339886
502,502,ABCC3,9.504820991982262
503,503,TMEM47,9.71922611746295
504,504,RNASE6,9.6007892975153
505,505,SALL1,9.429333795050605
506,506,ADH1B,9.618748281980059
507,507,EVI2B,9.170798469448403
508,508,HLA-DQB1,9.608046207860232
509,509,RASGEF1A,9.805238235006897
510,510,SLFN11,9.415757382484056
511,511,ZBED2,9.460235650999273
512,512,TSPAN12,9.498404016743146
513,513,LRRN1,9.621234712316877
514,514,LTF,9.49789554524601
515,515,ALDH2,9.539025429078542
516,516,HTRA1,9.43133560831626
517,517,FGFR3,9.376567687240811
518,518,FCGBP,9.314364897577217
519,519,OLR1,9.541224804619443
520,520,PTPRN2,9.686876442233356
521,521,ADH1C,9.259428152957984
522,522,CRISPLD1,9.761907383338558
523,523,LDOC1,9.606996858191106
524,524,NQO1,9.478814594129553
525,525,PRSS8,10.02711724323133
526,526,LHX2,9.41803206480969
527,527,ABCG1,9.68822337518009
528,528,EPDR1,9.429048076962266
529,529,FGF13,9.42323473271373
530,530,SERPIND1,9.637562015535941
531,531,WFDC1,9.561265454671627
532,532,KCNJ15,9.47916600248496
533,533,MMP3,9.581429629109897
534,534,FOXD1,9.658240547307287
535,535,MEOX2,9.632088912050781
536,536,CRYAB,9.492437850488532
537,537,APOA1,9.510996460091107
538,538,ACTA2,9.545103562926736
539,539,FGB,9.426746365559708
540,540,KANK4,9.51608699444109
541,541,EMB,9.476347141774786
542,542,ABCC2,9.565743173765995
543,543,RASSF6,9.661550107645304
544,544,GAD1,9.737578436380792
545,545,B3GALNT1,9.558294085766958
546,546,ZFP42,9.59320159933774
547,547,UGT2B17,9.403838610048084
548,548,FAM3B,9.541382678105238
549,549,ACSL5,9.584491475580432
550,550,PPL,9.41978964719031
551,551,MAP1B,9.604135076532001
552,552,EIF4A2,9.516246095539946
553,553,CLIC6,9.640678243630319
554,554,LCP2,9.531726166312929
555,555,COX7A1,9.656603014420261
556,556,PCSK5,9.583986564530122
557,557,LAPTM5,9.633088959237526
558,558,ASPM,9.486671370709619
559,559,EFS,9.682543813919194
560,560,PALMD,9.374106849035524
561,561,CLDN1,9.473966248622288
562,562,SLAIN1,9.712885094578949
563,563,CD9,9.431696362774549
564,564,PMAIP1,9.48999705623949
565,565,MAP9,9.644765533614038
566,566,HOXB2,9.536276168821914
567,567,PI3,9.629617247422475
568,568,TUBA1A,9.620231312873983
569,569,TNNC1,9.577336879989918
570,570,HSPB8,9.55501362253201
571,571,INHBB,9.550663485601222
572,572,RNF182,9.615490192051752
573,573,ANGPT2,9.562449368181703
574,574,ANLN,9.467483798251028
575,575,RRM2,9.463034971953089
576,576,LAMB1,9.714346542026666
577,577,NES,9.513485892265768
578,578,FBN1,9.647268198106067
579,579,CDC42EP3,9.639229498410733
580,580,LBH,9.607637068796071
581,581,CD163,9.707844444899802
582,582,CFTR,9.607566443858191
583,583,VSNL1,9.470427802013901
584,584,HSP90AB1,9.494611739560618
585,585,FOSL1,9.498186168589841
586,586,VWF,9.515905990367166
587,587,DLK1,9.427002560355
588,588,LYPD1,9.917581834779236
589,589,PLS3,9.574606108085831
590,590,IL6,9.581137954864937
591,591,FREM2,9.680451680087929
592,592,SLC16A14,9.678069864289782
593,593,PEG10,9.76707283978069
594,594,AP1M2,9.491381224420444
595,595,AGT,9.534186390397345
596,596,MUCL1,9.498488406692893
597,597,APOC2,9.608690648359678
598,598,CD302,9.649677344613167
599,599,CYP24A1,9.750719690647287
600,600,IL1RN,9.468881232537715
601,601,PRKAR2B,9.597873030772007
602,602,FKBP5,9.138885001617618
603,603,C1QA,9.581135547822678
604,604,SYNPO2,9.473852046196559
605,605,S100A7,9.57859166343665
606,606,HOXA13,9.62782325163734
607,607,CPS1,9.898528637106162
608,608,AGTR1,9.525836876448537
609,609,TRHDE,9.579122598617346
610,610,BEX2,9.623339659402571
611,611,TIAM2,9.521329786292013
612,612,IFITM3,9.614016056692387
613,613,IER3,9.531773934069689
614,614,PAPSS2,9.624402659435415
615,615,HPD,9.64021234544112
616,616,ZEB1,9.523550642404173
617,617,VTN,9.572018451131312
618,618,COL9A3,9.787634722952447
619,619,VAV3,9.620261869693564
620,620,TMC4,9.479083110784853
621,621,SOX13,9.568074429361396
622,622,NUPR1,9.712899946487402
623,623,CD69,9.50005295340214
624,624,FBP1,9.64416005015106
625,625,HS6ST2,9.431630401958849
626,626,GALNT12,9.564934412459316
627,627,NCF2,9.57315597228132
628,628,APOC3,9.388163458686567
629,629,DSG2,9.853055816542705
630,630,PKIA,9.45388162896085
631,631,TGM2,9.586467836819553
632,632,RPL39L,9.498956045043812
633,633,PLK2,9.59077507611767
634,634,TUBB6,9.656877334523317
635,635,MPEG1,9.608909007354084
636,636,DCLK1,9.648346339092111
637,637,SYT1,9.50253086296733
638,638,ARL4C,9.516573231252009
639,639,AEBP1,9.492363644317868
640,640,UGT8,9.73082194789734
641,641,SLC16A7,9.588627523553118
642,642,SYK,9.602269298317097
643,643,NETO2,9.679677729394525
644,644,COLEC12,9.616679604588382
645,645,UBE2S,9.576716199439966
646,646,DMKN,9.610878898385446
647,647,EFHD1,9.513003995492717
648,648,SLC27A2,9.491424607461294
649,649,ZG16B,9.63807651216654
650,650,NPTX2,9.357779878585028
651,651,TMEFF2,9.597737048016349
652,652,CPNE8,9.505011306707727
653,653,CCND2,9.655741299399235
654,654,CHST15,9.546460921208816
655,655,MATN2,9.643164832037057
656,656,PBK,9.476966630250422
657,657,SOSTDC1,9.627009248920528
658,658,CNTN3,9.666327497808732
659,659,MUC15,9.394054873958257
660,660,ELOVL7,9.833193637606238
661,661,SERPINB7,9.54781630846533
662,662,LIPG,9.721724782261429
663,663,GATA6,9.67873423106291
664,664,MMP7,9.558053341452021
665,665,KIT,9.849069834757524
666,666,STC1,9.818924910679723
667,667,SPESP1,9.378529071207389
668,668,BEX5,9.573839369448118
669,669,GPR160,9.515668563441885
670,670,ABCB1,9.59981197445562
671,671,ZFPM2,9.507404277178122
672,672,EFNA1,9.459136292513428
673,673,EGR1,9.578494003998696
674,674,PPP1R14A,9.603650726024654
675,675,CXCL13,9.533833268926246
676,676,LIMCH1,9.55067858802917
677,677,FAM83H,9.377433626581599
678,678,MPZL2,9.537993537066905
679,679,TMEM45A,9.499010994671881
680,680,GIPC2,9.672200417588954
681,681,EPAS1,9.63745135926195
682,682,CD52,9.485265734699
683,683,DCDC2,9.696477161657988
684,684,DOCK8,9.730458140897229
685,685,GMFG,9.67694256637158
686,686,PTGS2,9.51928195647217
687,687,SERPINA5,9.647918595040714
688,688,RAC2,9.841251540754692
689,689,TP53INP1,9.653217109330903
690,690,EDNRB,9.649294599682376
691,691,PPP1R14C,9.671912097664539
692,692,RNASE1,9.574901357744052
693,693,STXBP6,9.584850729061644
694,694,CDC20,9.47510088904312
695,695,FAM129A,9.533574864606795
696,696,MNDA,9.560842097156366
697,697,GPR37,9.572068604088434
698,698,TOX2,9.569316221608783
699,699,FGA,9.522270748704509
700,700,ST3GAL6,9.634483494034589
701,701,PID1,9.93847694113847
702,702,FNDC1,9.591922375639381
703,703,UGT2B4,9.416159407317803
704,704,TRIM58,9.422833890121618
705,705,RARRES1,9.631189002305064
706,706,TMC5,9.428077609414935
707,707,ADM,9.51415399555466
708,708,MAD2L1,9.56636905954992
709,709,MUM1L1,9.632182982360067
710,710,TCEA3,9.408560822451964
711,711,IL1R2,9.637951110817822
712,712,NT5E,9.522401813810735
713,713,IRF6,9.735965503959209
714,714,HOXB13,9.68199635759014
715,715,ALPP,9.653688935960314
716,716,GULP1,9.484117087902067
717,717,RHOD,9.54318109355754
718,718,SFRP2,9.6169198398736
719,719,SAMD5,9.561119724825195
720,720,XYLT1,9.698696871622742
721,721,ADAM28,9.627739364380322
722,722,ADAM12,9.70049075669819
723,723,RHOU,9.537796857587344
724,724,FOXC1,9.35536830131046
725,725,PRR15L,9.590140668837561
726,726,PLP1,9.432186305178043
727,727,LAMP3,9.880177775312559
728,728,FAP,9.464722111881596
729,729,RND3,9.59731086937834
730,730,FGFBP1,9.200607881160373
731,731,DIO2,9.577404753667077
732,732,PLCL2,9.786281824658097
733,733,PRSS2,9.417914200462036
734,734,KDM5D,9.474107281475451
735,735,HMMR,9.409507924735582
736,736,ENPP4,9.596094425638812
737,737,SUSD5,9.539982270637267
738,738,FEZ1,9.593514545068944
739,739,INPP4B,9.411243761568862
740,740,FBLN1,9.762589744404416
741,741,GAP43,9.666469331647043
742,742,PDZK1,9.563121162265057
743,743,DAPK1,9.56117443740188
744,744,PPARG,9.559430869615925
745,745,PCDH7,9.621325856017139
746,746,WLS,9.560004495669078
747,747,TRIM6,9.592832043198035
748,748,SPATA18,9.649686650210835
749,749,SLC7A5,9.562753424886841
750,750,IL33,9.53005924656826
751,751,PDZK1IP1,9.70915876282246
752,752,PDE10A,9.682560641985882
753,753,MYO6,9.66131663504339
754,754,TPRG1,9.541468272624687
755,755,ST14,9.475214641224191
756,756,PLTP,9.446079857359043
757,757,GOLT1A,9.58436429813554
758,758,RNASE4,9.584537760871841
759,759,SOX8,9.593877831313765
760,760,BNIP3,9.497546748851079
761,761,TNFRSF11B,9.765947907883895
762,762,IGFBP5,9.543172144871154
763,763,CYTIP,9.570530863592552
764,764,CRABP2,9.528651089211968
765,765,CDKN3,9.577305626116585
766,766,TMEM45B,9.51163319410198
767,767,RAB12,9.679731123221645
768,768,FXYD6,9.751336051227575
769,769,GRB14,9.519006688950341
770,770,PCOLCE,9.564017935289765
771,771,PRR15,9.759341705017144
772,772,CTNNA1,9.730282468847696
773,773,NTS,9.61743936876641
774,774,CHL1,9.602586974856582
775,775,LRCH2,9.53670059248629
776,776,CEP55,9.47223593784431
777,777,HAPLN1,9.62795768439863
778,778,MAGEA4,9.785592912455165
779,779,CDH13,9.581859151694118
780,780,FRMD6,9.554024361831065
781,781,KRT13,9.388393633814466
782,782,FOLR1,9.5661341607072
783,783,ATP1B1,9.490157269637233
784,784,MFAP4,9.80300347063785
785,785,DLGAP5,9.498268147529094
786,786,GJB6,9.510577515657323
787,787,RAI2,9.330130313395085
788,788,CLDN8,9.62316382205674
789,789,F2RL1,9.590872539895063
790,790,FABP7,9.56836019249667
791,791,HGF,9.647621920995835
792,792,CSRP2,9.69852487438213
793,793,SPRR1B,9.509784699026667
794,794,BEND4,9.53564455371255
795,795,PRKD1,9.66452352453833
796,796,RAB39B,9.603595738956777
797,797,XK,9.462927220103087
798,798,PSAT1,9.616891450706513
799,799,PREX1,9.487252266894977
800,800,PTGIS,9.395252600199129
801,801,RSPO3,9.583757344690921
802,802,MYB,9.424586212895134
803,803,EGR3,9.677889305131615
804,804,MSMB,9.697636401406527
805,805,ITGB6,9.57283058709379
806,806,RIN2,9.566706875293765
807,807,APOD,9.465020516182395
808,808,SCGB2A2,9.560347827831807
809,809,FST,9.721633616826157
810,810,ZNF883,9.492677777470362
811,811,ITGA6,9.444642810098228
812,812,MAGEH1,9.616969320001296
813,813,MFAP5,9.963146994458661
814,814,CMBL,9.561090073768208
815,815,CNN1,9.761611257168124
816,816,BIK,9.461543058021455
817,817,NHS,9.52127559010389
818,818,CYP4X1,9.632810191974047
819,819,MMP10,9.581047042738593
820,820,TCEAL8,9.57749488571391
821,821,NAP1L2,9.568658189259008
822,822,KIF23,9.468489392888962
823,823,PCSK1,9.547466661074143
824,824,DLL1,9.722995084731131
825,825,TMEM139,9.933470511625696
826,826,GEM,9.398157932159299
827,827,UGT2B28,9.663868719748809
828,828,TNFAIP3,9.519629446499435
829,829,S1PR3,9.585694058245664
830,830,AKT3,9.556330894660869
831,831,PDZD2,9.838303375512712
832,832,VEGFC,9.517473445653609
833,833,RRAGD,9.625184392940339
834,834,ARHGAP6,9.632428846941817
835,835,HLF,9.617454668032154
836,836,PPP1R1A,9.514270387401623
837,837,IGF2BP2,9.51272883130854
838,838,ALCAM,9.561279401241507
839,839,SYNE1,9.660660708658531
840,840,FCGRT,9.541418759867598
841,841,ZFP36L2,9.722941893969338
842,842,ADRA2A,9.41680162637472
843,843,UGT2B15,9.67183618247306
844,844,ZNF521,9.621355348016074
845,845,IL11,9.522088987313493
846,846,EDNRA,9.504476321043304
847,847,HLA-DQA1,9.642178695544162
848,848,MX1,9.60192538218918
849,849,CENPV,9.745336664107704
850,850,SLC46A3,9.233938584730314
851,851,CHRDL1,9.793757487007609
852,852,S100A10,9.490846188582655
853,853,PSPH,9.472537707509773
854,854,DPYSL3,9.632273015619656
855,855,CD55,9.41753617397585
856,856,FAM171B,9.432079303212316
857,857,USP9Y,9.479341791622401
858,858,GPX8,9.45321981453948
859,859,PCDH9,9.470517269153184
860,860,GNAI1,9.671055728630106
861,861,TTR,9.617342375478133
862,862,MSLN,9.627998945090186
863,863,C2orf40,9.300092525548317
864,864,MYRIP,9.54182499603372
865,865,BHMT2,9.671906152759176
866,866,PPP1R3C,9.591228845545501
867,867,STYK1,9.508515587539213
868,868,MUC1,9.738292964804254
869,869,ACPP,9.718300214303136
870,870,C1QB,9.604787912972121
871,871,BAMBI,9.623127797866108
872,872,HIST1H4C,9.626802799121014
873,873,MT1H,9.590598393351282
874,874,TRPS1,9.51776523595051
875,875,CTSH,9.556620717497271
876,876,DSC2,9.556831150899924
877,877,FOXA2,9.613737670095679
878,878,RASD1,9.527633686677625
879,879,TNS3,9.604509784299935
880,880,HSPB1,9.452018473324433
881,881,TSPAN13,9.572086333962316
882,882,BACE2,9.463443339786165
883,883,ARHGAP15,9.543951742509057
884,884,WISP2,9.796606374560412
885,885,LAPTM4B,9.585713462572036
886,886,FCER1G,9.451265188746316
887,887,LYPD3,9.693095175666285
888,888,TMEM71,9.571825455243669
889,889,MCM10,9.4008582789622
890,890,ADORA2B,9.551211590049167
891,891,SI,9.47026528139675
892,892,CD53,9.496121321045441
893,893,TSPAN7,9.717019642367568
894,894,AFP,9.56970591456057
895,895,GPR183,9.50921350505811
896,896,KRT16,9.414714256068269
897,897,SULT1C2,9.648028970925722
898,898,SLC43A3,9.48844230133639
899,899,FGL2,9.40655073275637
900,900,S100A11,9.345251905958957
901,901,CYP1A1,9.523293972216885
902,902,CCL4,9.44304004986001
903,903,NUP62CL,9.502244870488365
904,904,JAM3,9.782758652332216
905,905,UGT2A3,9.598690620739093
906,906,DSC3,9.498337876778315
907,907,ESRP2,9.594898026488412
908,908,TMTC1,9.649686580699244
909,909,PIP5K1B,9.72417406903746
910,910,ESX1,9.842213417238902
911,911,CHMP4C,9.533082843469575
912,912,CALB1,9.61477148292094
913,913,SPON2,9.666930653732024
914,914,AQP9,9.50355500235713
915,915,CFD,9.501654168009427
916,916,CDK1,9.532927652915888
917,917,TCN1,9.537043259258402
918,918,SIDT1,9.525155635862234
919,919,ANK2,9.607804028484855
920,920,CPB2,9.504842758434616
921,921,ZNF91,9.694236175068127
922,922,SLITRK5,9.583736512594527
923,923,ARSJ,9.423175085634732
924,924,TUSC1,9.58629030553702
925,925,MICB,9.569232462945974
926,926,PPP1R16B,9.35074390910236
927,927,ZNF518B,9.610942210742666
928,928,CLCA4,9.625060454818241
929,929,SCGB1D2,9.390054576105477
930,930,GAS2,9.583961129097906
931,931,WNT5B,9.56180274471201
932,932,ENO2,9.490617162323243
933,933,PMP2,9.721611947926805
934,934,PLOD2,9.599505274136154
935,935,CTTNBP2,9.583118103634721
936,936,FRY,9.577976697432389
937,937,MS4A6A,9.645282693006633
938,938,PON3,9.684573854386727
939,939,TNFAIP6,9.817024789425334
940,940,NEXN,9.531740701030373
941,941,PCP4,9.630116888024787
942,942,ANKRD22,9.45618017741498
943,943,PCOLCE2,9.529514356201009
944,944,GCNT3,9.429002882031464
945,945,FXYD5,9.595186475806528
946,946,SFMBT2,9.32437488028018
947,947,RASEF,9.449471830826344
948,948,ACTG2,9.554380523276524
949,949,FKBP1B,9.552309282811237
950,950,ADAMDEC1,9.537184054379956
951,951,FRMD4B,9.741783289802983
952,952,JUP,9.569281765243606
953,953,ELOVL4,9.524135575459805
954,954,DDX60,9.737371198313806
955,955,SLC24A3,9.580283479370722
956,956,SOX11,9.57599435197779
957,957,EGR2,9.64067416649047
958,958,S100A16,9.703669708579504
959,959,MYO5C,9.441073539410295
960,960,F13A1,8.96222466421555
961,961,FBLN5,9.506093946234646
962,962,NOG,9.614187867608939
963,963,RPL41,9.486505230116146
964,964,DNAJA4,9.544329439486951
965,965,GRIA2,9.47184893283808
966,966,GLDC,9.464113860345895
967,967,IL17RB,9.55030021514155
968,968,DUSP1,9.835183427714208
969,969,ENC1,9.558535525752575
970,970,KIF20A,9.49978166988657
971,971,CYP4F3,9.547655679001016
972,972,PLEKHB1,9.500799832562892
973,973,SERPINH1,9.592928943489824
974,974,PROS1,9.34062338792839
975,975,DEPDC1B,9.3972516382061
976,976,SERPINA6,9.430649779801636
977,977,BGN,9.593843864612229
978,978,PSMB9,9.550155187156312
979,979,CAMK2N1,9.508781129796017
980,980,ITIH2,9.495170422896628
981,981,TMPRSS3,9.573241854537105
982,982,NUDT11,9.60187668331291
983,983,SLC7A7,9.593110214788132
984,984,KCNN2,9.625086983520163
985,985,STMN2,9.426819313431409
986,986,TPX2,9.583775733077387
987,987,ZNF415,9.663723878171512
988,988,KYNU,9.525008738508859
989,989,GALNT6,9.463816402192755
990,990,GABRP,9.63440930746812
991,991,RAB3B,9.48689622779135
992,992,COL17A1,9.655031250264187
993,993,ADRB2,9.517809776139519
994,994,DDX43,9.491757286998833
995,995,LGALS3BP,9.52940262268791
996,996,HYAL1,9.506631638833028
997,997,FAM83A,9.521500898967608
998,998,SGCE,9.680891872721585
999,999,ABCA12,9.539823277084379
1000,1000,MARVELD2,9.444787352072868
1001,1001,FAM13C,9.592893870512937
1002,1002,CSF2RB,9.261105048114882
1003,1003,THBS1,9.509563706818367
1004,1004,FOXM1,9.409745784361203
1005,1005,C14orf132,9.724094748412721
1006,1006,ZNF711,9.579296541612939
1007,1007,HOXC6,9.73573869058566
1008,1008,VTCN1,9.400213514133334
1009,1009,BAALC,9.842871666169474
1010,1010,TMEM100,9.486508911244432
1011,1011,TPBG,9.649890863089936
1012,1012,MYC,9.617222598968514
1013,1013,CXCL12,9.489701533553312
1014,1014,SLC10A4,9.64203346333602
1015,1015,STARD10,9.5416551891094
1016,1016,IRX5,10.285830760940547
1017,1017,GYPC,9.70764746801399
1018,1018,CCDC3,9.483318245046016
1019,1019,MDK,9.471781136137789
1020,1020,CDC6,9.47679178368555
1021,1021,FMN2,9.395532627888754
1022,1022,CXCL10,9.702563130719282
1023,1023,CDH5,9.514109009569335
1024,1024,C1R,9.554975483180685
1025,1025,DEPDC1,9.524017232607576
1026,1026,IL1B,9.760491792306759
1027,1027,SLC47A1,9.554293525706644
1028,1028,CENPA,9.378940039497246
1029,1029,ZNF750,9.56280493131661
1030,1030,PITX2,9.506348838193398
1031,1031,APOBEC3B,9.456852592862669
1032,1032,KCNJ16,9.542872116893214
1033,1033,SELE,9.473918875839768
1034,1034,NOX1,9.557822018471068
1035,1035,FLRT3,9.555454166540473
1036,1036,ENPEP,9.638713213056437
1037,1037,CFL1,9.638261119440863
1038,1038,RNF144B,9.563614636448705
1039,1039,SLITRK6,9.556100109315233
1040,1040,MMP12,9.648470744979695
1041,1041,TM4SF4,9.598728292142164
1042,1042,E2F7,9.500072427675667
1043,1043,HORMAD1,9.58738948741513
1044,1044,GABBR2,9.949424178901852
1045,1045,FZD2,9.520108536759668
1046,1046,CDC27,9.623264507126962
1047,1047,SFRP4,9.243465986112614
1048,1048,FAM20C,9.439490491013597
1049,1049,GPC3,9.603840162388778
1050,1050,NAP1L5,9.607297363090943
1051,1051,FAR1,9.531585887651817
1052,1052,SCUBE2,9.614435509269056
1053,1053,CBLC,9.559024867021297
1054,1054,PLS1,9.368320731341079
1055,1055,IFITM2,9.613913474423187
1056,1056,BRIP1,9.342854511863761
1057,1057,NR1H4,9.364241293018324
1058,1058,SH3GL2,9.49660094682321
1059,1059,DENND2D,9.583363586319653
1060,1060,SERPINB1,9.641468639590432
1061,1061,CCNB1,9.533438522025408
1062,1062,ASGR2,9.731679705612738
1063,1063,OCIAD2,9.556237161032511
1064,1064,MIF,9.446440486209413
1065,1065,TNFRSF21,9.466640378100312
1066,1066,EMX2,9.38957571992843
1067,1067,TOX,9.595398577932142
1068,1068,ALDH5A1,9.585127103310004
1069,1069,UPP1,9.587577104634814
1070,1070,HEY1,9.472375831168042
1071,1071,HP,9.765247785916282
1072,1072,S1PR1,9.612073305627643
1073,1073,SHCBP1,9.48136052791501
1074,1074,ZNF677,9.456303532931086
1075,1075,MAP4,9.66860727452931
1076,1076,DACT1,9.639244330077021
1077,1077,RCAN2,9.50575756672875
1078,1078,PLA2G7,9.528452131682226
1079,1079,ERRFI1,9.572560975994847
1080,1080,C7orf57,9.424351152092614
1081,1081,GPR158,9.671217441056235
1082,1082,KLHL13,9.532315979401503
1083,1083,EPN3,9.572709775262748
1084,1084,ISL1,9.567744434805405
1085,1085,IL7R,9.44272438436983
1086,1086,CCDC69,9.49624254556179
1087,1087,TMEM125,9.464813701467957
1088,1088,RASSF9,9.571720599324513
1089,1089,NDRG1,9.710806781017691
1090,1090,NELL2,9.492031589981885
1091,1091,FHOD3,9.500054783088597
1092,1092,MCL1,9.609372809892296
1093,1093,PROCR,9.62917122913229
1094,1094,HOXA1,9.603236031051665
1095,1095,PGBD5,9.58274318552741
1096,1096,EEA1,9.646419374359235
1097,1097,MEP1A,9.520258215027932
1098,1098,UHRF1,9.451508417865323
1099,1099,CXCL6,9.501285427468606
1100,1100,SYCP2,9.511274873411894
1101,1101,FH,9.600646498784085
1102,1102,TIMP4,9.662496612503432
1103,1103,BCAT1,9.41357756497388
1104,1104,NUF2,9.469711346661258
1105,1105,RPL37A,9.435670036304309
1106,1106,PPP1R1B,9.464057396757937
1107,1107,DDIT4,9.557267103916027
1108,1108,CCNA2,9.448479192967124
1109,1109,PPFIBP2,9.639685623401892
1110,1110,NPR3,9.526064741229174
1111,1111,SULF1,9.662168407715784
1112,1112,TDO2,9.693994925280842
1113,1113,CDH11,9.562725953799417
1114,1114,HAS2,9.722074322664263
1115,1115,FSTL5,9.528988202732089
1116,1116,PDE9A,9.39548814085823
1117,1117,SPON1,9.530904049197519
1118,1118,IGFBP6,9.483167738943909
1119,1119,TYMS,9.577127404784939
1120,1120,KCTD14,9.890263151831556
1121,1121,KLK6,9.524036135308103
1122,1122,TYRP1,9.558470137224596
1123,1123,AHR,9.615299364971964
1124,1124,CLEC2B,9.562029688625406
1125,1125,C1orf210,9.477830256042214
1126,1126,MT2A,9.834869056061509
1127,1127,WASF3,9.686369243019275
1128,1128,NR4A2,9.658130328473376
1129,1129,CASP1,9.963491347243915
1130,1130,LRRC17,9.321762941678477
1131,1131,DOCK11,9.393088813159508
1132,1132,DEFB1,9.846543824840575
1133,1133,CST1,9.709702862384203
1134,1134,FRZB,9.673388273559562
1135,1135,HLA-B,9.582390361389082
1136,1136,ZMAT1,9.623305997014235
1137,1137,PKDCC,9.571433670558458
1138,1138,HOXC10,10.13566739316816
1139,1139,CADM1,9.621619395981483
1140,1140,CHRNA9,9.655229340862657
1141,1141,SORL1,9.506585044061556
1142,1142,SLCO4A1,9.608175810526909
1143,1143,PODXL,9.427600654046945
1144,1144,CST6,9.593501120250052
1145,1145,ST6GAL1,9.658928194579795
1146,1146,ANKRD44,9.559474203475734
1147,1147,MB,9.589849227002503
1148,1148,COL6A1,9.843590608275132
1149,1149,ATP2C2,9.56074148429421
1150,1150,KDR,9.904952088070079
1151,1151,CCDC80,9.561613419787012
1152,1152,EPHX2,9.688040412369698
1153,1153,IGF1,9.443122951677735
1154,1154,ZG16,9.453060826529981
1155,1155,FIBIN,9.741582142456275
1156,1156,DIRAS2,9.584949905806113
1157,1157,MYH10,9.551954637992168
1158,1158,OAS1,9.539702035106645
1159,1159,AADAC,9.66163069120083
1160,1160,TNFRSF1B,9.605008370812019
1161,1161,LGALS2,9.664100472592454
1162,1162,NXN,9.568521342449733
1163,1163,BIN2,9.394540569120643
1164,1164,STIP1,9.533398247184058
1165,1165,EXOC5,9.830453234725907
1166,1166,RELN,9.682055420803826
1167,1167,RNF43,9.457172995576908
1168,1168,MTAP,9.644978264942322
1169,1169,PDPN,9.443999285116206
1170,1170,ANKRD1,9.6510329060764
1171,1171,CD81,9.464357686363105
1172,1172,ERP27,9.228744007004156
1173,1173,C1orf115,9.7304059386103
1174,1174,FAR2,9.657861631328698
1175,1175,TRIM9,9.644231570423194
1176,1176,ITGA4,9.467259978335786
1177,1177,RARRES3,9.482620467524416
1178,1178,CLCA2,9.606970041707656
1179,1179,PLXDC2,9.140180617554524
1180,1180,BMP7,9.58911478451255
1181,1181,MYBL1,9.51028458012525
1182,1182,IFI6,9.539735173639372
1183,1183,MT1G,9.59488982658831
1184,1184,CHN1,9.551249065304612
1185,1185,GIMAP8,9.657004941205003
1186,1186,HIST1H2BG,9.384581799166106
1187,1187,MAN1A1,9.882783041378097
1188,1188,BUB1,9.415689592288244
1189,1189,MELK,9.56076204981115
1190,1190,FGF2,9.749017298587939
1191,1191,SPC25,9.403656613863278
1192,1192,SCN3A,9.54878554906141
1193,1193,PLEKHO1,9.594154805969143
1194,1194,CRIP2,9.505840946927128
1195,1195,DACH1,9.531403128410938
1196,1196,EPHX1,9.558237291419106
1197,1197,C6orf141,9.432624793312916
1198,1198,PTPRR,9.650516946859693
1199,1199,FA2H,9.65703592124501
1200,1200,ZNF385B,9.570062026260501
1201,1201,C10orf99,9.508873547157375
1202,1202,PDLIM3,9.62361006579351
1203,1203,MAGEB2,9.574803589581784
1204,1204,FOXF1,9.513603700830275
1205,1205,BAG2,9.445745422522263
1206,1206,RGN,9.635801286152613
1207,1207,MAP7D2,9.548756927088641
1208,1208,PLP2,9.502347953868174
1209,1209,VGLL3,9.47721104871317
1210,1210,SFTA3,9.580769083449972
1211,1211,TTC39A,9.437883949449056
1212,1212,ELF3,9.522599497378986
1213,1213,TNIK,9.101732183956107
1214,1214,UBE2T,9.659429352719743
1215,1215,CLIP1,9.627619126350755
1216,1216,LOXL2,9.492926562735686
1217,1217,SULT2A1,9.468902330076693
1218,1218,OGN,9.718434884113915
1219,1219,CENPE,9.848164802306776
1220,1220,MT1X,9.55367519684245
1221,1221,ARNT2,9.576508530552612
1222,1222,CKB,9.460590679828726
1223,1223,GNB4,9.54550890928418
1224,1224,DPY19L2,9.613435869516888
1225,1225,FAM198B,9.531540501436119
1226,1226,NFIB,9.498148382828564
1227,1227,RHOJ,9.610730551399238
1228,1228,WIF1,9.475182982427238
1229,1229,OBSL1,9.44844715812953
1230,1230,KIAA1324,9.802414953369611
1231,1231,F2,9.478714318053036
1232,1232,LRRK2,9.600717502869896
1233,1233,KRTCAP3,9.45832135477592
1234,1234,NRTN,9.464626790416322
1235,1235,RUNDC3B,9.591810840712055
1236,1236,MTTP,9.334915195059448
1237,1237,PDGFD,9.753432821261715
1238,1238,COBL,9.515280300135935
1239,1239,FOXF2,9.558759179517894
1240,1240,MFAP2,9.579986209836765
1241,1241,SNTB1,9.854241562119546
1242,1242,HBEGF,9.582841867096025
1243,1243,CCDC68,9.806841593064915
1244,1244,CCBE1,9.606046681613876
1245,1245,GNG4,9.73312208881135
1246,1246,MATN3,9.542618162120743
1247,1247,MAP7,9.637729273621154
1248,1248,SPRY2,9.655130891560091
1249,1249,ACTB,9.668570873724612
1250,1250,GPAT2,9.485723837143684
1251,1251,PTHLH,9.569946032201448
1252,1252,MUC16,9.53240728071214
1253,1253,PRKCB,9.620996298875568
1254,1254,BMP5,9.518654355362862
1255,1255,ECHDC3,9.661447403627976
1256,1256,TEK,9.623039662974229
1257,1257,STK32B,9.617020625525445
1258,1258,FERMT2,9.603226931574191
1259,1259,FSCN1,9.551006868190411
1260,1260,GSTO2,9.742493591610533
1261,1261,MSX1,9.544418352413949
1262,1262,SLC26A2,9.647123701547457
1263,1263,FAM83D,9.537141299372717
1264,1264,JAM2,9.111580687595955
1265,1265,GAS7,9.805785738680333
1266,1266,NR3C2,9.765995244431311
1267,1267,RPS6KA5,9.629823615517783
1268,1268,PDLIM1,9.568980620993974
1269,1269,SPRR4,9.429344498364685
1270,1270,XAF1,8.922697601786345
1271,1271,ADAM9,9.530012765111763
1272,1272,SLC34A2,9.560014721059543
1273,1273,CPA3,9.695054643529831
1274,1274,LSR,9.656421724218822
1275,1275,HEPACAM2,9.571466691027714
1276,1276,FKBP10,9.455493024896136
1277,1277,SLC3A1,9.50402948649139
1278,1278,ICAM1,9.595822704677719
1279,1279,CALD1,9.680091189873224
1280,1280,HSD17B6,9.506560631353576
1281,1281,HSD17B11,9.580195613685914
1282,1282,ATRX,9.674138530818636
1283,1283,CGN,9.892015118951628
1284,1284,WIPF1,9.63866917401713
1285,1285,RCSD1,9.64301685160369
1286,1286,FOXE1,9.389102237540627
1287,1287,ZNF423,9.619412242457962
1288,1288,BBOX1,9.604802312667465
1289,1289,SERPINB13,9.552451528117555
1290,1290,RASSF2,9.61691489527136
1291,1291,OLIG1,9.629469346766104
1292,1292,SV2A,9.520960692525698
1293,1293,ST6GALNAC2,9.550980685943912
1294,1294,SLC2A2,9.48485135155656
1295,1295,GFAP,9.579779701637381
1296,1296,MUC5B,9.561077659562713
1297,1297,UBB,9.645403307028383
1298,1298,NAV3,9.502175645570599
1299,1299,NCAPH,9.426731879238192
1300,1300,MN1,9.570325933421056
1301,1301,RPL28,9.409756845534933
1302,1302,GABRE,9.520901793879283
1303,1303,SNX10,9.50004563214554
1304,1304,NOX4,9.616398801526373
1305,1305,PELI2,9.508687534318396
1306,1306,ZNF320,9.54317693379901
1307,1307,TMSB10,9.567651993016693
1308,1308,MAGED1,9.509770903134797
1309,1309,ANKRD36B,9.658958699441799
1310,1310,F5,9.666752119758815
1311,1311,ZFP3,9.482994999039404
1312,1312,ZYG11A,9.34384123746735
1313,1313,HLA-A,9.42895007456415
1314,1314,RPL39,9.625089410286158
1315,1315,TMEM154,9.762317911840954
1316,1316,PRSS21,9.51432981729361
1317,1317,ANKRD30A,9.560564401535434
1318,1318,EPSTI1,9.673248743999023
1319,1319,TTK,9.447980294895903
1320,1320,PRC1,9.528478445671702
1321,1321,HLA-DMA,9.55090791646699
1322,1322,TCEAL3,9.573760239076458
1323,1323,CYYR1,9.562160585502982
1324,1324,USH1C,9.552086756894862
1325,1325,RTP4,9.591231847155443
1326,1326,SLC16A6,9.695961609418548
1327,1327,LCP1,9.511883744608586
1328,1328,MAL,9.445523662452656
1329,1329,FADS1,9.548063745026443
1330,1330,MXRA7,9.621446891031923
1331,1331,ATP10D,9.699004568060248
1332,1332,VSIG4,9.630774968683074
1333,1333,PTPRK,9.65319132641099
1334,1334,SLFN12,9.59022162344151
1335,1335,C5AR1,9.670065822820167
1336,1336,VEPH1,9.548177234909389
1337,1337,NLGN1,9.554168991484218
1338,1338,SYBU,9.497326775691656
1339,1339,OGDHL,9.705134787356974
1340,1340,RPS18,9.725329024035158
1341,1341,HIST1H2BK,9.523179672679962
1342,1342,MYO1B,9.756494661296651
1343,1343,EPB41L4B,9.729758841457599
1344,1344,SYTL1,9.434046118576815
1345,1345,CBS,9.581375009237577
1346,1346,RSAD2,9.578053864789226
1347,1347,KCNN4,9.430177448018885
1348,1348,GPX7,9.524749326457119
1349,1349,NPW,9.509709121542755
1350,1350,HRASLS,9.550886488905439
1351,1351,KRT6B,9.497869206723687
1352,1352,MARCKS,9.533154125734907
1353,1353,RPS2,9.635457402435
1354,1354,TPR,9.589234122375139
1355,1355,MSX2,9.500900942214468
1356,1356,ESYT2,9.536799306483084
1357,1357,APLP1,9.733991681148616
1358,1358,EPHA2,9.597728121178683
1359,1359,ACOX2,9.51748404112036
1360,1360,CDO1,9.541552363190489
1361,1361,PLEKHH2,9.631716931708986
1362,1362,EZR,9.781628186538759
1363,1363,RIPK4,9.599701015013292
1364,1364,TPTE,9.538415593128043
1365,1365,GAPDH,9.463713958799243
1366,1366,FBLN2,9.563121065799109
1367,1367,KNG1,9.44556306905448
1368,1368,SLC38A5,9.541915590860532
1369,1369,CEACAM7,9.488266505663805
1370,1370,PLA2G16,9.467218361511764
1371,1371,HMOX1,9.586155192271569
1372,1372,ITGB2,9.569397670697173
1373,1373,SPP1,9.680848039827685
1374,1374,SCD,9.650340532993567
1375,1375,SHISA3,9.637332397129645
1376,1376,NEFH,9.425189491373436
1377,1377,REEP1,9.375668216562351
1378,1378,RHOB,9.448095984877867
1379,1379,TFF2,9.45049118242056
1380,1380,SSX1,9.597113226829029
1381,1381,RPL23A,9.501295414856175
1382,1382,GLIPR1,9.575816207504062
1383,1383,FAM19A5,9.70876403194087
1384,1384,RPL36A,9.504563018107653
1385,1385,CTSK,9.519482444807922
1386,1386,RPS11,9.448280299326782
1387,1387,CAPG,9.496948052232497
1388,1388,OLFML2A,9.482797327533412
1389,1389,NDP,9.652245086850058
1390,1390,KLK11,9.412010926283259
1391,1391,OCLN,9.994689227095087
1392,1392,CCND1,9.439789128408778
1393,1393,AMOTL1,9.586147884645282
1394,1394,NEK2,9.425988674506879
1395,1395,SLC39A6,9.637087927511196
1396,1396,MX2,9.448695403353616
1397,1397,SNCAIP,9.651378854020406
1398,1398,LRIG1,9.393756646439204
1399,1399,AKIRIN2,9.58726227447756
1400,1400,DUSP23,9.62759716057099
1401,1401,NR3C1,9.588028167191755
1402,1402,SDC1,9.503954814342729
1403,1403,CACHD1,9.556112452179013
1404,1404,ZNF165,9.471597084722028
1405,1405,TGFBR3,9.627336749756102
1406,1406,THY1,9.654523812534743
1407,1407,PMEPA1,9.518495929904043
1408,1408,ITPR1,9.50656989206301
1409,1409,TNFRSF12A,9.526876246876894
1410,1410,PTGFRN,9.569863868517341
1411,1411,CAPN2,9.553282336855062
1412,1412,GBP2,9.506627914399386
1413,1413,LGSN,9.466737574807546
1414,1414,RPS7,9.645993845950976
1415,1415,ALDH3A1,9.501011133501494
1416,1416,FGD2,9.564626626520166
1417,1417,MOCOS,9.600248628453617
1418,1418,ZNF655,9.509074317786741
1419,1419,RPLP1,9.511672825840755
1420,1420,FAT1,9.54889299365108
1421,1421,DTL,9.53272737602273
1422,1422,CLIC2,9.666308625453427
1423,1423,CYP26B1,9.57467944348307
1424,1424,TCEAL2,9.744495940588083
1425,1425,OLFML1,9.618773889225835
1426,1426,CD37,9.633152583596775
1427,1427,PABPC4L,9.534272703020658
1428,1428,RPL27A,9.56484551811321
1429,1429,TRPM4,9.516959949594016
1430,1430,CYP27A1,9.602077139274437
1431,1431,CDC25A,9.512955993862791
1432,1432,TPD52,9.484220322026637
1433,1433,LY6E,9.611787425304382
1434,1434,METTL7B,9.71875503842967
1435,1435,GJB3,9.547697474066428
1436,1436,IRF8,9.437414415098628
1437,1437,CCNA1,9.49185563556768
1438,1438,AKR1C1,9.738392172975093
1439,1439,CRIM1,9.535772836547087
1440,1440,PFN1,9.479467608546573
1441,1441,RPL32,9.499454254125421
1442,1442,FAM133A,9.624976629152485
1443,1443,LRMP,9.546365868916073
1444,1444,GPA33,9.571602281482775
1445,1445,ASGR1,9.887449279523722
1446,1446,CENPK,9.48045186093636
1447,1447,CSF3,9.319201916220882
1448,1448,KIF14,9.509553738458054
1449,1449,EPS8L2,9.533378400350736
1450,1450,GSTT2,9.544892726304722
1451,1451,EPHX4,9.713334099985527
1452,1452,CHAC1,9.854826367818
1453,1453,SLC27A6,9.575921702575757
1454,1454,CCDC102B,9.626528044039228
1455,1455,CEBPA,9.634221225467778
1456,1456,HSPA2,9.66361901660434
1457,1457,YWHAE,9.608017342107226
1458,1458,EPHA4,9.635199965902565
1459,1459,GTSF1,9.605561534096276
1460,1460,FBXO32,9.537201025599899
1461,1461,DDR2,9.6570240075776
1462,1462,PLAC9,9.510465020971617
1463,1463,IL7,9.557957177733469
1464,1464,SERINC2,9.576635364933173
1465,1465,HLA-C,9.660081554701453
1466,1466,RAI14,9.601525804283941
1467,1467,IYD,9.60679742291923
1468,1468,RPS3A,9.675286237640462
1469,1469,ALX1,9.515476419244106
1470,1470,CORO2B,9.46033560667288
1471,1471,SFTA2,9.667764680644554
1472,1472,EPHB1,9.726718110668415
1473,1473,HSPD1,9.47249173001857
1474,1474,SOD2,9.403702682595751
1475,1475,GNG12,9.496054426987069
1476,1476,NCKAP5,9.546047440676197
1477,1477,SLIT2,9.673990162030277
1478,1478,C1RL,9.57033539294299
1479,1479,GNA15,9.626990724239946
1480,1480,TRIB3,9.595431896531217
1481,1481,PDE2A,9.543196219329488
1482,1482,LPAR5,9.535073396257701
1483,1483,GFRA1,9.401751451300456
1484,1484,RPLP2,9.532411281111196
1485,1485,OIP5,9.509924204702111
1486,1486,UBE2C,9.577910369494015
1487,1487,SGMS2,9.40447430116761
1488,1488,GLUL,9.595498553912698
1489,1489,SERPINE1,9.495995040556938
1490,1490,MTPN,9.529875821317724
1491,1491,MAT1A,9.60484672795235
1492,1492,CWH43,9.616876706969755
1493,1493,P2RY14,9.607674118378435
1494,1494,ZNF804A,9.523449929135438
1495,1495,TLR3,9.758127407293491
1496,1496,GFPT2,9.57318881520318
1497,1497,ACSM2A,9.699549970428674
1498,1498,ZNF22,9.477107958844417
1499,1499,TES,9.598733380419192
1500,1500,CXCL11,9.526811822994834
1501,1501,LAMP1,9.599810465716756
1502,1502,B2M,9.790215563719142
1503,1503,CDC45,9.409471200251222
1504,1504,RPS23,9.750122550079356
1505,1505,GC,9.629142005044994
1506,1506,KIF11,9.458428906397298
1507,1507,FLNC,9.527428119815445
1508,1508,FOXN3,9.345119970833974
1509,1509,A1CF,9.123709214389944
1510,1510,IL15,9.598838525970002
1511,1511,CITED1,9.724102189084723
1512,1512,OAS2,9.681475695870008
1513,1513,ANXA9,9.563063801621587
1514,1514,SNX7,9.460697070791142
1515,1515,VNN1,9.564098333475641
1516,1516,PLEK2,9.620873248381594
1517,1517,HHIP,9.564476832270536
1518,1518,DIO1,9.703776029004676
1519,1519,RPS15A,9.609817659408536
1520,1520,HERC5,9.532031364168601
1521,1521,PAPLN,9.687881204230505
1522,1522,G6PD,9.506555422602032
1523,1523,SELL,9.591755399134277
1524,1524,LYN,9.441936191852276
1525,1525,HOXC13,9.528629390029762
1526,1526,ESM1,9.649283538815949
1527,1527,STOM,9.512214824079978
1528,1528,CYFIP2,9.511662165332403
1529,1529,CDH6,9.59944206977741
1530,1530,ACTG1,9.751451822022647
1531,1531,TESC,9.523129240254228
1532,1532,ABCG2,9.620250822408726
1533,1533,RASGRP3,9.601780401713707
1534,1534,KCNQ1,9.553343176867719
1535,1535,CENPN,9.590826080393738
1536,1536,SPINK5,9.484715755210882
1537,1537,TRIM2,9.465539544464281
1538,1538,PDE1A,9.6157071866366
1539,1539,COL8A1,9.48513680680096
1540,1540,HELLS,9.787306762719805
1541,1541,RAB11FIP1,9.700948892603282
1542,1542,ZBTB20,9.498727021066205
1543,1543,SOCS2,9.556482181524066
1544,1544,RHOBTB3,9.558462223716369
1545,1545,RPS14,9.621515241017788
1546,1546,GPR65,9.65376783433328
1547,1547,PSG1,9.532688722212413
1548,1548,SLC16A9,9.51157068891347
1549,1549,KLRC3,9.513696223856952
1550,1550,RHOA,9.732941902784287
1551,1551,SLFN13,9.522340320413718
1552,1552,FZD10,9.578523002816187
1553,1553,HSD11B2,9.575950205455047
1554,1554,AURKA,9.649148129157867
1555,1555,GPR34,9.380189077204749
1556,1556,RPS20,9.563398799419195
1557,1557,MPP4,9.548867920070359
1558,1558,ARRDC4,9.561093443650662
1559,1559,GCA,9.453273325313187
1560,1560,RPS4X,9.638570612142761
1561,1561,WSCD1,9.568925235354163
1562,1562,PPIC,9.524976781466291
1563,1563,ZNF300,9.671325695930205
1564,1564,ARHGAP23,9.606976177313818
1565,1565,CTSC,9.5422804897613
1566,1566,GCG,9.581361214000431
1567,1567,TNFSF13B,9.115318209931376
1568,1568,RPL30,9.532597901261866
1569,1569,MGLL,9.52750711367928
1570,1570,HTATIP2,9.533518032504142
1571,1571,CDKN2C,9.544932382813762
1572,1572,ZNF439,9.667749632874298
1573,1573,ZNF83,9.746448667850988
1574,1574,DOK5,9.46534747367886
1575,1575,NRG1,9.546619973209022
1576,1576,RBP7,9.67666246729624
1577,1577,KHDRBS3,9.5530787593483
1578,1578,ZNF880,9.548177109445769
1579,1579,SCOC,9.547744479387108
1580,1580,ITGA1,9.55157421102135
1581,1581,BUB1B,9.477187156033299
1582,1582,CXCL9,9.649192071461526
1583,1583,C2CD4A,9.554825556005719
1584,1584,CNTNAP3,9.650449453438949
1585,1585,THSD7A,9.641131263201148
1586,1586,IL6ST,9.657728142687526
1587,1587,LSP1,9.527454856903214
1588,1588,SGPP2,9.51900037479312
1589,1589,ZNF703,9.549609237120848
1590,1590,GRAMD1C,9.35331852200544
1591,1591,C5orf46,9.577336615323631
1592,1592,LRRN3,9.776776559922586
1593,1593,CTBP2,9.493904991086017
1594,1594,EPRS,9.67295896302142
1595,1595,NDC80,9.512226542885177
1596,1596,RPS5,9.571010922346034
1597,1597,MUC13,9.606412620705106
1598,1598,TUBB2A,9.580187446054953
1599,1599,CTSZ,9.607948565102713
1600,1600,BSPRY,9.418865168326018
1601,1601,DUSP2,9.529928656157075
1602,1602,ESRRG,9.53566785642422
1603,1603,NBL1,9.60713898957971
1604,1604,LRRC31,9.522612850226064
1605,1605,RPL37,9.656862865929863
1606,1606,ESAM,9.578457523841445
1607,1607,ARHGAP9,9.05939196122071
1608,1608,PSCA,9.707674223415097
1609,1609,FGFBP2,9.602200637543977
1610,1610,RRAD,9.606365064609758
1611,1611,KCNS3,9.434247677789038
1612,1612,HPDL,9.57731681169228
1613,1613,RAP1A,9.539173152156831
1614,1614,ADCY1,9.52952744149621
1615,1615,ERC2,9.682573558945185
1616,1616,CKS2,9.458545201476358
1617,1617,CLEC3B,9.72759581575379
1618,1618,TAC1,9.438680182991956
1619,1619,ZBTB16,9.79684647944508
1620,1620,EXPH5,9.423835005449336
1621,1621,CNTN4,9.603803005980339
1622,1622,RPL3,9.5140919844329
1623,1623,FAM169A,9.607638222539176
1624,1624,SGCG,9.633979334120564
1625,1625,CDCA7,9.540426573614177
1626,1626,RPL18,9.539365828520644
1627,1627,SLA,9.627783444664534
1628,1628,VIM,9.623331258162567
1629,1629,DZIP1,9.70873780073258
1630,1630,TRIP13,9.459690848870567
1631,1631,KRT34,9.528487854591397
1632,1632,RBPMS2,9.505162814405171
1633,1633,ITGB4,9.66131493163157
1634,1634,TOP1,9.732006941897254
1635,1635,COL21A1,9.687761335437497
1636,1636,FMNL2,9.509482311939633
1637,1637,TTC9,9.527152930282115
1638,1638,LTBP1,9.61648219378321
1639,1639,PM20D2,9.584519326407818
1640,1640,RAD51AP1,9.475619247492954
1641,1641,ASPA,9.512723573113764
1642,1642,RPL17,9.60872741276516
1643,1643,TM7SF2,9.661709671326285
1644,1644,SERPINC1,9.442931180039015
1645,1645,HOXA5,9.620860770955584
1646,1646,NETO1,9.402222906663134
1647,1647,PHGDH,9.665565073341133
1648,1648,CALCRL,9.543479289916965
1649,1649,TSLP,9.570589562608163
1650,1650,KLF13,9.504591566997952
1651,1651,TMEM97,9.488712105273475
1652,1652,IRX1,9.53617143430168
1653,1653,CLIP3,9.601445828227194
1654,1654,RHOBTB1,9.543092901769597
1655,1655,PTTG1,9.569462343455694
1656,1656,SEMA5A,9.649407648347381
1657,1657,RPL19,9.584471889015099
1658,1658,CREB3L1,9.500808397489344
1659,1659,SERPINB3,9.596639618437404
1660,1660,LRRC32,9.634656205436972
1661,1661,ALPK2,9.44251487625177
1662,1662,MND1,9.404875318611236
1663,1663,EMILIN1,9.606250971711567
1664,1664,CSPG4,9.63795544125582
1665,1665,NOSTRIN,9.550483399072013
1666,1666,AOC3,9.600963605817427
1667,1667,ATAD2,9.557907105448757
1668,1668,FJX1,9.605463858730554
1669,1669,RPS16,9.718247924521897
1670,1670,SAMD9,9.711046456021943
1671,1671,PNLIPRP3,9.601378709843654
1672,1672,MAPK12,9.554672045733192
1673,1673,PTPN13,9.543830467777147
1674,1674,SP5,9.680139324183047
1675,1675,PDE4D,9.587861717615695
1676,1676,ZNF114,9.540108450434106
1677,1677,CARD6,9.663377522853416
1678,1678,TMEFF1,9.504914113174152
1679,1679,SLC44A4,9.61976292125325
1680,1680,ITGB1,9.62213531357203
1681,1681,ACSM3,9.635906319569935
1682,1682,NRXN3,9.603517695361717
1683,1683,PNPLA4,9.52934640374055
1684,1684,CNIH3,9.578371923618471
1685,1685,SORT1,9.66696999633182
1686,1686,NAMPT,9.586857655331242
1687,1687,ROR2,9.435682207373917
1688,1688,BMPER,9.564868745324606
1689,1689,RPLP0,9.60866084128775
1690,1690,KIF4A,9.44938050261472
1691,1691,LPXN,9.56311254638059
1692,1692,FTL,9.48728727185228
1693,1693,CLDN5,9.724953980478181
1694,1694,TBC1D9,9.695049839836928
1695,1695,FLG,9.545501776508662
1696,1696,MGAM,9.475435133035038
1697,1697,NNT,9.51265120985167
1698,1698,HSH2D,9.499644160510544
1699,1699,C1orf162,9.585062283533363
1700,1700,IFI30,9.602146660662754
1701,1701,ANGPTL2,9.53025477106261
1702,1702,CCR5,9.300806151519051
1703,1703,AURKB,9.528358195307158
1704,1704,CHAC2,9.529836064307794
1705,1705,PCSK9,9.398390955688143
1706,1706,KRT4,9.470394582520825
1707,1707,SRPX2,9.584155017252206
1708,1708,PAM,9.534059722544237
1709,1709,GJB5,9.516770344939747
1710,1710,RPL7A,9.48620016316624
1711,1711,MAP3K8,9.610128798071807
1712,1712,SHMT1,9.652901456492664
1713,1713,CORO1A,9.81825477746718
1714,1714,AIM2,9.635066491693317
1715,1715,ZNF529,9.496666417077805
1716,1716,CCR1,9.647733690405758
1717,1717,NKX3-1,9.446070513759269
1718,1718,TAF13,9.561401659298278
1719,1719,PDGFRL,9.559404573803112
1720,1720,SYNM,9.517479659210178
1721,1721,ACOT4,9.708131127952509
1722,1722,CHST2,9.567528414704453
1723,1723,E2F8,9.501589470138168
1724,1724,EIF2S3,9.561080979979689
1725,1725,FAS,9.677948049158957
1726,1726,TDRD9,9.408836582722746
1727,1727,GZMA,9.581304120073295
1728,1728,GPR1,9.707144058996269
1729,1729,PLA1A,9.598612804449765
1730,1730,RPL29,9.53787692826486
1731,1731,RPS17,9.676730852044178
1732,1732,C12orf75,9.592040274525896
1733,1733,LCAT,9.365045237950328
1734,1734,TREM1,9.568822270904537
1735,1735,DSG3,9.608319738748413
1736,1736,LMO2,9.609385337864328
1737,1737,SLC25A21,9.540280401913552
1738,1738,ANKRD29,9.59049300416488
1739,1739,SYNGR3,9.337369796468066
1740,1740,BCL2L1,9.545790789056618
1741,1741,LNX1,9.602723532070469
1742,1742,DAPP1,9.447894111246082
1743,1743,MAGEA11,9.550645249203036
1744,1744,FTH1,9.70540090948406
1745,1745,RPL21,9.610716260100455
1746,1746,ITGB8,9.624831486809509
1747,1747,CAPN6,9.614144236235564
1748,1748,AHNAK2,9.589306139080172
1749,1749,TPPP3,9.573167188749796
1750,1750,C10orf126,9.353291594370837
1751,1751,PRNP,9.515184937736834
1752,1752,HOXB7,9.581871441604044
1753,1753,CSF3R,9.440962454736805
1754,1754,NRK,9.625875897658304
1755,1755,SLCO4C1,9.446330597156036
1756,1756,TJP3,9.522670390401814
1757,1757,IL20RA,9.54252207940022
1758,1758,CXADR,9.499742122828957
1759,1759,CCL18,9.513208500026831
1760,1760,KISS1R,9.662095674628057
1761,1761,HEY2,9.607235162147752
1762,1762,TM4SF5,9.640905738948478
1763,1763,RPS21,9.491861603839531
1764,1764,CDX1,9.563827282066736
1765,1765,TRIP6,9.599523814217973
1766,1766,LIPC,9.524025009086303
1767,1767,VNN2,9.553664967172683
1768,1768,LHX8,9.654150419116899
1769,1769,KLB,9.556212353307798
1770,1770,CITED2,9.605187901224896
1771,1771,KLF4,9.714014328113818
1772,1772,AP1S1,9.651204159248863
1773,1773,STON1,9.68163296349115
1774,1774,OSMR,9.550152824740165
1775,1775,RPL7,9.791824448529734
1776,1776,SACS,9.562737623184107
1777,1777,GLRX,9.585698325039534
1778,1778,FOXA3,9.527318519776312
1779,1779,TSPAN5,9.531784246785724
1780,1780,GAL3ST1,9.561098858577193
1781,1781,SLC14A1,9.51917007315295
1782,1782,GNAS,9.754142693704637
1783,1783,PROK2,9.51059947905718
1784,1784,LTBP2,9.429708378863339
1785,1785,MID1,9.625466300673864
1786,1786,CST3,9.579431826874696
1787,1787,C1orf54,9.502970607107066
1788,1788,CHCHD10,9.48666702823085
1789,1789,RAC3,9.586924271570695
1790,1790,SLAMF7,9.598010806908531
1791,1791,DNAJC6,9.531503181293271
1792,1792,NEURL1B,9.512840124567624
1793,1793,RPS29,9.435503646149865
1794,1794,SATB2,9.519945788041905
1795,1795,HJURP,9.494995943207023
1796,1796,RPSA,9.570708246648971
1797,1797,KMO,9.6062167795483
1798,1798,ARMCX6,9.41570629135602
1799,1799,SAGE1,9.434492510259673
1800,1800,PAMR1,9.705662159744152
1801,1801,LDHA,9.620262678912503
1802,1802,ANKRD6,9.653413406930692
1803,1803,MBL2,9.802965616212095
1804,1804,PYGB,9.559611827993814
1805,1805,LAD1,9.482213929279556
1806,1806,PTGR1,9.690699097911033
1807,1807,CADPS,9.64610338781807
1808,1808,LRP4,9.519241378474613
1809,1809,HES6,9.38918989833824
1810,1810,ETV4,9.42100947279148
1811,1811,ISG15,9.645309405838102
1812,1812,SERPINB4,9.489035843360906
1813,1813,ALDOB,9.511116915967788
1814,1814,TAGLN2,9.589969474658153
1815,1815,NFKBIZ,9.657374011617069
1816,1816,HIST1H2AG,9.543993854033374
1817,1817,GPR155,9.703521071968641
1818,1818,GSN,9.64983236529193
1819,1819,SPRY1,9.519858129479367
1820,1820,CRLF1,9.76594298476513
1821,1821,SPINK4,9.579451986027113
1822,1822,HIST1H2AE,9.531228592481941
1823,1823,SPINK6,9.549131158005675
1824,1824,SH2D3A,9.576505480528704
1825,1825,ELMOD1,9.651062899785135
1826,1826,LYPD6B,9.6316716666299
1827,1827,NKG7,9.551408401870116
1828,1828,SAMD9L,9.593301953945968
1829,1829,SIK1,9.518138503895187
1830,1830,MTHFD2,9.565491997328145
1831,1831,ZNF426,9.242218547307893
1832,1832,GPR143,9.576444257269337
1833,1833,SCRN1,9.546641530569351
1834,1834,KCNJ8,9.63352079786941
1835,1835,SLC15A3,9.460056818694605
1836,1836,TFRC,9.660447872317135
1837,1837,ADAMTS19,9.57367482870608
1838,1838,ATXN7L3B,9.516634588156384
1839,1839,OXCT1,9.649735616470942
1840,1840,NCAPG,9.544220408175867
1841,1841,HPCAL1,9.583297522367214
1842,1842,REG1A,9.627326374066085
1843,1843,FBXL16,9.543902208094556
1844,1844,IRX4,9.562364326944602
1845,1845,RDX,9.900662739388986
1846,1846,SAMD4A,9.561750825267898
1847,1847,SYT17,9.703717011152518
1848,1848,NFASC,9.606805463365113
1849,1849,IL6R,9.80621758505817
1850,1850,H2AFY2,9.580802006759903
1851,1851,ANXA2,9.513239675331652
1852,1852,LPCAT2,9.558359756596705
1853,1853,EPS8L3,9.531753955635462
1854,1854,SEMA3A,9.630198516925072
1855,1855,RPS19,9.514780990524596
1856,1856,HHEX,9.489302037096138
1857,1857,EGFLAM,9.534698037393246
1858,1858,IGF2BP1,9.531255364165077
1859,1859,IGDCC4,9.634890720659605
1860,1860,PDE8B,9.511314282303637
1861,1861,RPL35,9.416575662697086
1862,1862,AKR1D1,9.409679519439143
1863,1863,PRSS35,9.481726389264976
1864,1864,RPS3,9.580030351548091
1865,1865,PPIA,9.503204114153494
1866,1866,JUN,9.40357861030584
1867,1867,RPL12,9.655081042794103
1868,1868,MED18,9.494458801934869
1869,1869,HPX,9.503115334127308
1870,1870,SPRR3,9.612781863826324
1871,1871,PGRMC1,9.543286435917542
1872,1872,DOK7,9.477718655350639
1873,1873,HOOK1,9.707575315051193
1874,1874,DUSP5,9.687271748971835
1875,1875,GSTM4,9.62570495585258
1876,1876,AIFM2,9.580700313056141
1877,1877,ST6GALNAC3,9.456435929904444
1878,1878,CDR1,9.578598641355299
1879,1879,COL18A1,9.532321673602299
1880,1880,BIRC5,9.524619874024511
1881,1881,SMC1A,9.562004629204205
1882,1882,CTDSPL2,9.432608328628955
1883,1883,CHDH,9.536568526130095
1884,1884,SLC16A1,9.644222530570874
1885,1885,SPDEF,9.47048642060719
1886,1886,INSM1,9.544114656837754
1887,1887,TRIL,9.534006696031412
1888,1888,TSC22D1,9.630592595098179
1889,1889,ENO1,9.597758386355828
1890,1890,NANOS1,9.547908457722194
1891,1891,TRIM59,9.48084707211213
1892,1892,STEAP4,9.554140964434612
1893,1893,TPT1,9.648674757985988
1894,1894,ACP5,9.186486361699544
1895,1895,SGPP1,9.521401853334142
1896,1896,EEF1G,9.538186867336073
1897,1897,GIMAP5,9.827599030843936
1898,1898,ETV5,9.622341165644343
1899,1899,CDCA8,9.536615186333469
1900,1900,ARHGEF6,9.581503337077562
1901,1901,ELFN2,9.458195310471382
1902,1902,PIR,9.60732455945614
1903,1903,MYBL2,9.600212437168224
1904,1904,LIX1L,9.516827538659317
1905,1905,NLRP1,9.526668069138129
1906,1906,MEIS2,9.565072058978716
1907,1907,NKX2-2,9.616832283786607
1908,1908,DIRAS3,9.530153222483639
1909,1909,EPS8,9.534753351781642
1910,1910,ODC1,9.491280297500655
1911,1911,SEMA3C,9.556385950629243
1912,1912,PDGFRB,9.632771652640614
1913,1913,STX19,9.549483270749105
1914,1914,RIBC2,9.512422394276573
1915,1915,PTPN22,9.533600642609153
1916,1916,FAM20A,9.672893521663186
1917,1917,NPTXR,9.50852257852634
1918,1918,FAT4,9.682756405236631
1919,1919,LMOD1,9.551996106780509
1920,1920,SYCP3,9.4451857752418
1921,1921,ANTXR1,9.46035110126941
1922,1922,ZNF503,9.502590008574773
1923,1923,SRSF6,9.62622260602671
1924,1924,SOX15,9.548228285169326
1925,1925,RPS12,9.48669161939027
1926,1926,VLDLR,9.558634731033687
1927,1927,SP8,9.631229176865041
1928,1928,EID1,9.656103463304628
1929,1929,SLC44A3,9.588532713763179
1930,1930,PLK4,9.436967402013767
1931,1931,HUWE1,9.79220257908899
1932,1932,CENPF,9.640223481070032
1933,1933,PFN2,9.60989704491355
1934,1934,CCL28,9.596357420483375
1935,1935,RAPGEFL1,9.5358136042042
1936,1936,CEBPD,9.526426792638802
1937,1937,SLFN5,9.553427545308324
1938,1938,HSPA8,9.618521779700004
1939,1939,PRDX1,9.572169287000802
1940,1940,EYA2,9.634077021426608
1941,1941,EMP2,9.513288835901676
1942,1942,BTNL8,9.614054223525692
1943,1943,TMEM204,9.260799493227722
1944,1944,HRH1,9.495395742381968
1945,1945,ZWILCH,9.553008162656496
1946,1946,SLC6A6,9.58459118355452
1947,1947,ITGA3,9.534267169458076
1948,1948,PRSS16,9.605985435721465
1949,1949,MERTK,9.586972716671607
1950,1950,RPS6,9.584964379386973
1951,1951,CX3CL1,9.537131534209351
1952,1952,PBX1,9.468305473656596
1953,1953,EIF4A1,9.64908452757517
1954,1954,BCL11B,9.502986832106053
1955,1955,SERPINI1,9.557499181243331
1956,1956,PDCL2,9.669137490508547
1957,1957,TP53,9.66473293168947
1958,1958,LIF,9.489973365695265
1959,1959,MGMT,9.737064439800507
1960,1960,ZNF462,9.573963381936629
1961,1961,TNFSF4,9.49059931749962
1962,1962,ECT2,9.436377056546707
1963,1963,GPR137B,9.546195240683183
1964,1964,ZNF532,9.70393974249887
1965,1965,RBMS1,9.541567660674396
1966,1966,PPP1R15A,9.580115899535206
1967,1967,ASNS,9.685290630001315
1968,1968,CAMTA1,9.498170207688894
1969,1969,CYTL1,9.730765739460601
1970,1970,HIST1H2AC,9.564792341774256
1971,1971,NDRG2,9.578635422489878
1972,1972,FAM46A,9.659846789483622
1973,1973,FCGR3B,9.662116437769598
1974,1974,PTGDR,9.466817165318945
1975,1975,SPATS2L,9.493610630764607
1976,1976,CDH10,9.368926677904462
1977,1977,PLLP,9.578051900857332
1978,1978,BDP1,9.540396239102952
1979,1979,GPRC5C,9.636345085515519
1980,1980,RPL11,9.41918200409232
1981,1981,ANXA6,9.599700167406807
1982,1982,ATP9A,9.496742726795084
1983,1983,ANO5,9.533973135794216
1984,1984,ZWINT,9.4449432233977
1985,1985,PLK1,9.520519748633472
1986,1986,TMEM106A,9.625931799850548
1987,1987,TRPC1,9.63793444101186
1988,1988,PGF,9.813540847240041
1989,1989,CCL8,9.487312896847168
1990,1990,ADAMTS3,9.699666412642276
1991,1991,HKDC1,9.628347768140488
1992,1992,IL2RG,9.829508629724913
1993,1993,DMBX1,9.497482592571512
1994,1994,SLC38A1,9.486145929240674
1995,1995,CA13,9.535626667352124
1996,1996,UBE2M,9.600703121734423
1997,1997,ALOX5AP,9.60642732546958
1998,1998,NUSAP1,9.504771064644826
1999,1999,ZFP36,9.614218600875951
2000,2000,SERTAD4,9.566954368725812
2001,2001,SLC15A2,9.537707313512493
2002,2002,ABCD3,9.617011488763254
2003,2003,HSP90B1,9.698506608961548
2004,2004,HNRNPA1,9.656630946544931
2005,2005,EMCN,9.540997979246137
2006,2006,INA,9.55480067111633
2007,2007,HSP90AA1,9.524873963376352
2008,2008,ZNF835,9.66763403187511
2009,2009,TRNP1,9.47156096193952
2010,2010,CCNE2,9.63368780406283
2011,2011,BDKRB2,9.918156479222898
2012,2012,PCDH17,9.55504712012559
2013,2013,PROC,9.635170684376902
2014,2014,SYT14,9.559956407843009
2015,2015,APCDD1L,9.524060611583847
2016,2016,ANGPTL4,9.532321452215845
2017,2017,NPL,9.552967125168218
2018,2018,CLSTN2,9.594380395208136
2019,2019,CYP4F11,9.548618870019006
2020,2020,TLR2,9.691520404832294
2021,2021,NOVA1,9.68759016935781
2022,2022,CHSY3,9.575701528998156
2023,2023,IL20RB,9.786043537929569
2024,2024,TNNI2,9.493723176010771
2025,2025,ARL11,9.571993905436832
2026,2026,GALNT7,9.415294940617358
2027,2027,SYT11,9.340818159182847
2028,2028,CD48,9.701509010079171
2029,2029,TUSC3,9.73974033573869
2030,2030,MAPK13,9.470106900239514
2031,2031,DCT,9.43281796902316
2032,2032,CHST11,9.753028687785354
2033,2033,PCDH8,9.585401849074355
2034,2034,JAZF1,9.656343197059382
2035,2035,NEGR1,9.499139135604342
2036,2036,ITGA2,9.587153025146169
2037,2037,CYB5A,9.620542116873631
2038,2038,ABHD11,9.579340325291728
2039,2039,SLC25A43,9.512343173061247
2040,2040,TFEC,9.567906941686312
2041,2041,MUC5AC,9.603496575851045
2042,2042,RGS17,9.51384802828462
2043,2043,SLC30A3,9.461116614461547
2044,2044,ALDOA,9.67069792584525
2045,2045,C1QTNF6,9.653513762192553
2046,2046,RLN2,9.66119160112822
2047,2047,KBTBD11,9.611825123187792
2048,2048,RPS27,9.70767093245887
2049,2049,RPL23,9.668737054340191
2050,2050,MNX1,9.341506952949292
2051,2051,TMBIM1,9.596911651678441
2052,2052,ATP10B,9.51989028406615
2053,2053,RGS16,9.673167299491192
2054,2054,ARSE,9.631894335963766
2055,2055,SETBP1,9.780272167532921
2056,2056,GXYLT2,9.598928829365812
2057,2057,GCHFR,9.550944608077259
2058,2058,PRKACB,9.704302751757826
2059,2059,SLC30A10,9.482283198217743
2060,2060,P2RX5,9.515326477299057
2061,2061,NFE2L3,9.389360625162656
2062,2062,MXRA8,9.579637646532422
2063,2063,VAT1L,9.665135624399
2064,2064,C5,9.014028724777939
2065,2065,CSF1R,8.980027227635158
2066,2066,SERPINA7,9.525202566456818
2067,2067,BTBD11,9.457360929165892
2068,2068,DKK2,9.507318800570932
2069,2069,CAPS,9.520760998867232
2070,2070,IRS1,9.68810943666951
2071,2071,SHROOM3,9.593730606572274
2072,2072,SUN3,9.655564855579488
2073,2073,HIST2H2BE,9.529160561337669
2074,2074,CD59,9.515592417927424
2075,2075,HTR2B,9.504830719025081
2076,2076,CRTAP,9.609896692681671
2077,2077,C4BPA,9.614651635274075
2078,2078,LRRC2,9.511123386011452
2079,2079,HLA-E,9.53874149263362
2080,2080,FNDC4,9.490672926425962
2081,2081,FAM171A1,9.66422473851409
2082,2082,GLI4,9.531598078744526
2083,2083,CNTNAP2,9.535783157222887
2084,2084,SH3RF2,9.533259723432785
2085,2085,PAX6,9.77085634485383
2086,2086,NPM1,9.537632535001265
2087,2087,ZBTB10,9.449866009106405
2088,2088,ATP6V1A,9.643788830167304
2089,2089,VANGL2,9.591658890163503
2090,2090,LRG1,9.375188437990571
2091,2091,ISYNA1,9.548138812805131
2092,2092,UBE2L6,9.48589874903092
2093,2093,CNTNAP4,9.53173090227337
2094,2094,TSPAN2,9.598090980193728
2095,2095,MT1F,9.632148078852534
2096,2096,SUSD3,9.67334779044707
2097,2097,SFRP1,9.564343317981685
2098,2098,CENPM,9.571218305615968
2099,2099,ZNF488,9.498192712021664
2100,2100,IL17RC,9.628641847100672
2101,2101,ROR1,9.490624529735042
2102,2102,GTSE1,9.355914657768816
2103,2103,ARPC4,9.66170632137539
2104,2104,LGR5,9.607054175974712
2105,2105,H2BFS,9.51986388418985
2106,2106,SKA1,9.419959175562369
2107,2107,CLCA1,9.534009065108297
2108,2108,ODAM,9.402687127275728
2109,2109,PHACTR1,9.577977786673209
2110,2110,RPS27A,9.572383436513022
2111,2111,FGD4,9.549767838922158
2112,2112,SEPT7,9.359260137428967
2113,2113,C3AR1,9.525935266713503
2114,2114,CD40,9.557043343373584
2115,2115,COMP,9.747438361564543
2116,2116,UTS2,9.633171805171733
2117,2117,FGF1,9.526184857968166
2118,2118,ALDH3B2,9.613311888019545
2119,2119,AK7,9.551136884775262
2120,2120,GRIA4,9.422955587172684
2121,2121,HLA-DMB,9.532820910340893
2122,2122,PTER,9.524274025317595
2123,2123,SHANK3,9.624054575105035
2124,2124,MAGEA10,9.590354756976069
2125,2125,PHACTR3,9.526857732002307
2126,2126,TMEM56,9.442258917733565
2127,2127,RPS13,9.579835390253134
2128,2128,CADPS2,9.590818325174823
2129,2129,GRB10,9.527045274762074
2130,2130,KCNN3,9.673396764436985
2131,2131,FGF5,9.492655253412655
2132,2132,NLRC5,9.613210190712255
2133,2133,SRGAP1,9.632374049442383
2134,2134,ASB2,9.572723325852262
2135,2135,GBP5,9.56883930009309
2136,2136,PRICKLE2,9.92663333050025
2137,2137,PHF11,9.628349448968507
2138,2138,MTUS1,9.73156020240244
2139,2139,PKHD1L1,9.504769885971042
2140,2140,FZD6,9.511318020954867
2141,2141,CAPN3,9.010827279561257
2142,2142,CDCA2,9.44640523222494
2143,2143,PTMA,9.470491558384325
2144,2144,TLR7,9.56213067803041
2145,2145,RPL9,9.692626098122915
2146,2146,SEPT10,9.647052156658248
2147,2147,FMOD,9.599233353545532
2148,2148,KIF21B,9.508392483923195
2149,2149,PPM1K,9.625093399758654
2150,2150,COL16A1,9.731748808425452
2151,2151,RASIP1,9.686259319605833
2152,2152,SCG3,9.569564008175035
2153,2153,RIMKLB,9.481145579456747
2154,2154,ALDH8A1,9.6552161175022
2155,2155,PPBP,9.582696467273234
2156,2156,TANC2,9.474344731077064
2157,2157,RGS5,9.679581144113943
2158,2158,PCDH19,9.429449524330284
2159,2159,CST7,9.75897459322548
2160,2160,ANG,9.641339069345394
2161,2161,RPL22,9.58558657963844
2162,2162,PLAUR,9.575803788319657
2163,2163,ABLIM1,9.524772479088055
2164,2164,GTF2H2,9.520067402064488
2165,2165,RAB11FIP4,9.515756738243777
2166,2166,TKT,9.67175076988837
2167,2167,ARMCX3,9.579594315124357
2168,2168,ETS2,9.545800377719212
2169,2169,ADCY2,9.580042167681022
2170,2170,PLD5,9.62888983108412
2171,2171,NR0B2,9.671255801971279
2172,2172,ZNF367,9.559447886109844
2173,2173,MOXD1,9.626320046749685
2174,2174,MUC2,9.449424107508715
2175,2175,PLSCR1,9.621432443380213
2176,2176,SCGB3A1,9.562054193472104
2177,2177,CPEB1,9.732253534891626
2178,2178,HHLA2,9.582522153660294
2179,2179,DYNLRB2,9.477741291543659
2180,2180,RPL38,9.53113154904422
2181,2181,SLC6A8,9.59188696437003
2182,2182,ASB9,10.02184919089271
2183,2183,FHL1,9.648581569778083
2184,2184,LRRC19,9.582035281599762
2185,2185,SLC37A1,9.476818951129065
2186,2186,TMEM170B,9.522004170053894
2187,2187,LIN7A,9.597744741479708
2188,2188,PIK3CD,9.579339439295843
2189,2189,GINS1,9.609366919638951
2190,2190,YBX1,9.542959394974222
2191,2191,PRRX1,9.291550440874843
2192,2192,HSPB2,9.60664802710993
2193,2193,FBXL7,9.59831122639402
2194,2194,ZNF667,9.507499096530156
2195,2195,C4orf19,9.735273838569782
2196,2196,OSR2,9.476632720131251
2197,2197,LGR4,9.607534691608892
2198,2198,RPS10,9.641458872775754
2199,2199,RPL34,9.523593594210697
2200,2200,MAZ,9.398239467661273
2201,2201,VGLL1,9.50120194889954
2202,2202,LGALS8,9.632575101419455
2203,2203,H1F0,9.614459332372691
2204,2204,SCN9A,9.710309132670302
2205,2205,RAPGEF3,9.495006182838658
2206,2206,P4HB,9.563889025288073
2207,2207,AQP1,9.772696409540202
2208,2208,PRR16,9.463398723955693
2209,2209,HIST1H4H,9.503193266511069
2210,2210,WASL,9.690203719381062
2211,2211,ORC1,9.431372367709194
2212,2212,PFKFB3,9.506898462994632
2213,2213,FAM76B,9.462617861766926
2214,2214,SSX3,9.51300089081071
2215,2215,ZNF382,9.567839167779885
2216,2216,CLMN,9.812462500723917
2217,2217,PIPOX,9.578871725872299
2218,2218,RASAL2,9.546299255051316
2219,2219,DEGS2,9.577207276457626
2220,2220,CCT5,9.410949123070472
2221,2221,HK1,9.521902498486675
2222,2222,SPTBN1,9.545140468698712
2223,2223,ITGAL,9.469842966457795
2224,2224,DHRS3,9.58199848870705
2225,2225,EFEMP2,9.5200785311909
2226,2226,ZNF493,9.73810713725438
2227,2227,TNFRSF17,9.577063807948925
2228,2228,ABLIM3,9.58554620517242
2229,2229,CHEK1,9.534312532241104
2230,2230,NHSL1,9.603897173266265
2231,2231,PLN,9.490234435955866
2232,2232,SCRG1,9.676231057232625
2233,2233,KIF2C,9.569740853698425
2234,2234,ALPI,9.63951300888446
2235,2235,IL10RA,9.346406162573833
2236,2236,ITIH3,9.759190216142452
2237,2237,PFKP,9.462459200333685
2238,2238,CDHR5,9.656726620117581
2239,2239,ABCC4,9.333576954143796
2240,2240,CALHM2,9.631997648645358
2241,2241,ADD3,9.672423809100483
2242,2242,DOK6,9.585208383189869
2243,2243,NAT2,9.511266283692235
2244,2244,COPZ2,9.589618915993952
2245,2245,ZNF85,9.529529823561194
2246,2246,FCGR2B,9.600720037660341
2247,2247,BTN3A3,9.543786503502389
2248,2248,P2RY2,9.52442930034256
2249,2249,CXCL16,9.58068607220738
2250,2250,ANXA13,9.506130429208882
2251,2251,GPSM2,9.496831440400094
2252,2252,TSPO,9.583981108330601
2253,2253,PTP4A1,9.64671364557097
2254,2254,GGT5,9.540311813105387
2255,2255,GLT8D2,9.802994098609437
2256,2256,SOX10,9.565752075590332
2257,2257,CCT2,9.569724520116829
2258,2258,GAS2L3,9.681005661607799
2259,2259,CDK14,9.638035431748504
2260,2260,GUCY2C,9.523892313525266
2261,2261,SCML1,9.78303173725449
2262,2262,HOXD13,9.58573535983208
2263,2263,MS4A4A,9.647036674650549
2264,2264,ACE2,9.574042521403106
2265,2265,PTGER2,9.609817626295253
2266,2266,POM121L12,9.560211882320688
2267,2267,PABPC1L,9.53536839240349
2268,2268,UBA52,9.519679441301692
2269,2269,BST1,9.68241158704205
2270,2270,ITLN1,9.647100419711498
2271,2271,DUOX2,9.740495464552849
2272,2272,SBK1,9.392907809321136
2273,2273,ASRGL1,9.678236829385444
2274,2274,FAM126A,9.475081064974503
2275,2275,TTC3,9.432505033120393
2276,2276,HSPA4L,9.759741978875374
2277,2277,MMP13,9.679892201273729
2278,2278,OSBPL6,9.564516406213322
2279,2279,LUC7L,9.570915869203736
2280,2280,ARG1,9.49812122545588
2281,2281,KIF18A,9.62450017779531
2282,2282,ZNF836,9.575192448008366
2283,2283,ELMO1,9.56402533756878
2284,2284,MATR3,9.624520376458968
2285,2285,SLC22A17,9.597511411558804
2286,2286,VIPR1,9.374156041535354
2287,2287,ASB10,9.5188194329998
2288,2288,ADAM19,9.635375711731779
2289,2289,FAM110B,9.734927603074086
2290,2290,RBM20,9.628425463732798
2291,2291,IGFBPL1,9.59212593849129
2292,2292,SIGLEC10,9.558071920760646
2293,2293,RPL27,9.691722300581674
2294,2294,SHC4,9.589358573494563
2295,2295,LMNB1,9.697514940710478
2296,2296,CTNNB1,9.641842009068602
2297,2297,AMFR,9.593137860290968
2298,2298,MLF1,9.557920330518908
2299,2299,ANKRD33B,9.626826129743057
2300,2300,ZNF404,9.580119354856278
2301,2301,ZFP82,9.565141962163512
2302,2302,TMEM220,9.922751203599207
2303,2303,WNT11,9.532033374694505
2304,2304,SUSD2,9.651128722993707
2305,2305,HIST1H3H,9.496687916961905
2306,2306,SST,9.688123532723822
2307,2307,HAL,9.596061284649425
2308,2308,NFAT5,9.612245440748556
2309,2309,CYP2J2,9.56541888929188
2310,2310,CPNE4,9.489111383497834
2311,2311,LMAN1,9.482178354291218
2312,2312,VSTM1,9.405216999008031
2313,2313,NAB1,9.599419931115747
2314,2314,B3GALT2,9.640632874319198
2315,2315,AMDHD1,9.510333233978653
2316,2316,TMEM156,9.531505102073305
2317,2317,CYP26A1,9.598788376386294
2318,2318,C2orf15,9.528126589516003
2319,2319,APOL1,9.557839283205212
2320,2320,AKAP7,9.638609355103064
2321,2321,CSF2RA,9.511119319935005
2322,2322,MMP28,9.716297024188766
2323,2323,FAM174B,9.511059504923937
2324,2324,CH25H,9.645653443395277
2325,2325,ACTN2,9.545246844954718
2326,2326,NLRC3,9.671738629293513
2327,2327,CCDC141,9.490217058878766
2328,2328,VEGFA,9.596463408444816
2329,2329,RNF180,9.488066217406042
2330,2330,EML1,9.566420107143587
2331,2331,ISL2,9.472136285788265
2332,2332,SLC2A13,9.568540688960104
2333,2333,PALM3,9.50143930468791
2334,2334,RPS26,9.666881723394216
2335,2335,SLC25A6,9.671189279580327
2336,2336,DPYSL2,9.51721786094962
2337,2337,IGSF11,9.532093075257645
2338,2338,HIST1H2BC,9.670779689016355
2339,2339,KLF2,9.67605676577144
2340,2340,APOL3,9.594889749213642
2341,2341,EGLN3,9.573171016455856
2342,2342,KCNK3,9.561004157755141
2343,2343,C16orf89,9.597876076743736
2344,2344,SAMSN1,9.46893287570886
2345,2345,CTH,9.879841459104028
2346,2346,RPL8,9.681576217409027
2347,2347,MICALL2,9.524897825905686
2348,2348,RUNX3,9.547308857147268
2349,2349,PGR,9.457715859213026
2350,2350,IFI44,9.557587588625122
2351,2351,SCYL2,9.552925510850814
2352,2352,HBQ1,9.60167170524353
2353,2353,AFAP1L2,9.31270924734831
2354,2354,TMEM132C,9.21931008694125
2355,2355,MFSD6,9.762344721753792
2356,2356,CHM,9.460147678922938
2357,2357,CLIC4,9.559389658847596
2358,2358,SCN4B,9.520205082943278
2359,2359,PIP,9.648314104607831
2360,2360,TTC37,9.541273589196035
2361,2361,RPL6,9.703545856689445
2362,2362,TNF,9.517464453693007
2363,2363,GNA13,10.041115671769404
2364,2364,SLC1A3,9.515759943639292
2365,2365,METRNL,9.585362309199876
2366,2366,H2AFZ,9.622671043375801
2367,2367,RAB17,9.449172071968334
2368,2368,COL25A1,9.57111086712739
2369,2369,ARHGEF26,9.593557825149466
2370,2370,CD3D,9.53310092725853
2371,2371,IL17RD,9.474938655966152
2372,2372,PAQR9,9.544712803111024
2373,2373,FZD7,9.532174177189688
2374,2374,TMEM119,9.586783389184884
2375,2375,B3GALNT2,9.592058738615869
2376,2376,TBC1D30,9.590233918755873
2377,2377,SUPT6H,9.56854377879543
2378,2378,SLC38A4,9.494282498392412
2379,2379,FAM196A,9.518795503288645
2380,2380,CHP2,9.553817580487326
2381,2381,BOLA2,9.360910465684249
2382,2382,NRIP3,9.544534233670802
2383,2383,SRI,9.636294830063003
2384,2384,HMGA1,9.510578398740147
2385,2385,MCM4,9.496812355466632
2386,2386,APOLD1,9.508104499104245
2387,2387,UCP2,9.57394037808509
2388,2388,DNM3,9.595488439117567
2389,2389,GALNT5,9.48241211734646
2390,2390,CDCA7L,9.538570776127791
2391,2391,PPFIA4,9.55072206102123
2392,2392,CTSO,9.535595077718051
2393,2393,PYGL,9.54079881310762
2394,2394,SIX4,9.564141659767277
2395,2395,FGL1,9.398465644808653
2396,2396,RPL35A,9.711707065065973
2397,2397,TRIB1,9.58926075705882
2398,2398,MARCKSL1,9.74760514852969
2399,2399,SPRR2B,9.535796716236906
2400,2400,OSBPL3,9.459789893079016
2401,2401,ISLR,9.591480626793937
2402,2402,DTX4,9.557947553297677
2403,2403,LRP12,9.676228876029146
2404,2404,RPL5,9.699669717243015
2405,2405,CD300A,9.656555406076318
2406,2406,RAPGEF4,9.686773057240798
2407,2407,NINJ2,9.687419166247398
2408,2408,P2RY13,9.582136518768905
2409,2409,OASL,9.588029314746878
2410,2410,SET,9.458152509584865
2411,2411,DNMBP,9.390281796334982
2412,2412,CPEB4,9.650206345466621
2413,2413,LRIG3,9.568067484461894
2414,2414,CYP2C8,9.533984402439115
2415,2415,CCDC7,9.542430621586723
2416,2416,SH3BGR,9.5621597139547
2417,2417,CDCA5,9.482267424270452
2418,2418,RPS25,9.573999305985723
2419,2419,LILRB1,9.598256940294906
2420,2420,EEF2,9.521032161745202
2421,2421,DLX5,9.589143838829926
2422,2422,SCD5,9.525835793406335
2423,2423,LTBP3,9.559941242197988
2424,2424,ME3,9.655051145526524
2425,2425,FUT4,9.574604046895645
2426,2426,CBR1,9.753727832167218
2427,2427,SLC2A12,9.574896104171547
2428,2428,RHOH,9.5714721936692
2429,2429,ARRDC3,9.565183953909264
2430,2430,NOD2,9.543828305068082
2431,2431,PDP1,9.512972483691268
2432,2432,PPM1L,9.687224216987874
2433,2433,CXCL17,9.583046634637185
2434,2434,CFL2,9.61244345514657
2435,2435,ABCG5,9.580301231222858
2436,2436,NCEH1,9.479060111045554
2437,2437,BANK1,9.586017794487606
2438,2438,SOCS3,9.732595538535117
2439,2439,RRAS2,9.582490532912027
2440,2440,FRK,9.54649165660931
2441,2441,RDH10,9.39221360925641
2442,2442,RPL13A,9.57274204165279
2443,2443,KDELR3,9.476031047073096
2444,2444,EYA1,9.712423493392158
2445,2445,SPHK1,9.502228012914278
2446,2446,C16orf74,9.566068277063264
2447,2447,OSR1,9.566225338485662
2448,2448,KLHDC1,9.6558291131692
2449,2449,SLC17A2,9.58234790995444
2450,2450,MYOZ2,9.491993270986981
2451,2451,TPSAB1,9.674140276842786
2452,2452,CD8A,9.60239255351281
2453,2453,YWHAZ,9.519575526167092
2454,2454,CES4A,9.55514916956067
2455,2455,ARC,9.654651585096163
2456,2456,ANXA4,9.581004730792628
2457,2457,IMPA2,9.421267396261953
2458,2458,FOXL2,9.606752016306023
2459,2459,PTPRCAP,9.534776588431834
2460,2460,LIFR,9.60593669014809
2461,2461,INSIG1,9.588969493340654
2462,2462,REEP6,9.491755922812427
2463,2463,APP,9.469581315492793
2464,2464,FXYD3,9.667832620262306
2465,2465,SLC25A3,9.506383384231567
2466,2466,ITPRIPL2,9.58808079746421
2467,2467,AXL,9.5960497866257
2468,2468,ZNF468,9.576154058431431
2469,2469,C11orf52,9.676536871109318
2470,2470,IFFO1,9.569580133155071
2471,2471,RPL22L1,9.604913821778307
2472,2472,DNM1,9.430463639351435
2473,2473,RAB26,9.572788418898314
2474,2474,RSPH1,9.618364088658172
2475,2475,RCAN1,9.628811213878777
2476,2476,SLIT3,9.525588689537233
2477,2477,GCH1,9.596828242761724
2478,2478,VAV1,9.633492791181803
2479,2479,MIA,9.559883346931322
2480,2480,RPP25,9.505739704827588
2481,2481,CHST9,9.504958848768524
2482,2482,CDX2,9.662170090617254
2483,2483,MAGI2,9.547646693535954
2484,2484,EGF,9.413045768677737
2485,2485,ANKRD28,9.545898667723609
2486,2486,RPL26,9.759334691516694
2487,2487,HIST1H1C,9.584729314415199
2488,2488,BIN1,9.617751275547697
2489,2489,APBA2,9.858922060153242
2490,2490,TGM1,9.443418899992249
2491,2491,SNRPD2,9.516781732281794
2492,2492,MBTD1,9.586305153754761
2493,2493,RHBDL2,9.641292754927264
2494,2494,LIX1,9.512130661979484
2495,2495,UQCRH,9.800393959860793
2496,2496,OLFML2B,10.007438120969704
2497,2497,KLC3,9.583411732317712
2498,2498,GPR171,9.576389774719837
2499,2499,MCM2,9.580719374098447
